,date,open,high,low,close,volume
0,2023-05-03 09:15:00+05:30,18113.8,18113.8,18076.1,18081.3,0
1,2023-05-03 09:16:00+05:30,18081.25,18083.65,18072.3,18072.3,0
2,2023-05-03 09:17:00+05:30,18072.85,18072.85,18062.2,18066.1,0
3,2023-05-03 09:18:00+05:30,18065.75,18076.5,18064.35,18076.5,0
4,2023-05-03 09:19:00+05:30,18075.95,18077.1,18071.5,18074.65,0
5,2023-05-03 09:20:00+05:30,18074.8,18074.8,18060.1,18065.2,0
6,2023-05-03 09:21:00+05:30,18064.65,18067.05,18060.35,18063.45,0
7,2023-05-03 09:22:00+05:30,18063.25,18069.65,18060.15,18069.55,0
8,2023-05-03 09:23:00+05:30,18070.95,18073.1,18069.55,18070.05,0
9,2023-05-03 09:24:00+05:30,18069.95,18070.45,18066.95,18068.7,0
10,2023-05-03 09:25:00+05:30,18069.75,18069.75,18050.8,18053.5,0
11,2023-05-03 09:26:00+05:30,18053.3,18059.8,18053.3,18057.65,0
12,2023-05-03 09:27:00+05:30,18058.05,18066.8,18057.7,18064.75,0
13,2023-05-03 09:28:00+05:30,18065.15,18067.85,18063.5,18067.65,0
14,2023-05-03 09:29:00+05:30,18067.45,18070.6,18066.45,18068.55,0
15,2023-05-03 09:30:00+05:30,18069.9,18074.95,18068.35,18068.55,0
16,2023-05-03 09:31:00+05:30,18069.05,18069.05,18056.55,18059.95,0
17,2023-05-03 09:32:00+05:30,18059.3,18066.65,18059.3,18063.35,0
18,2023-05-03 09:33:00+05:30,18064.4,18067.2,18059.15,18063.45,0
19,2023-05-03 09:34:00+05:30,18063.3,18065.55,18061.0,18065.45,0
20,2023-05-03 09:35:00+05:30,18065.3,18074.55,18065.25,18071.05,0
21,2023-05-03 09:36:00+05:30,18071.05,18072.65,18066.3,18072.65,0
22,2023-05-03 09:37:00+05:30,18071.65,18075.8,18070.75,18074.05,0
23,2023-05-03 09:38:00+05:30,18074.25,18075.45,18071.75,18072.75,0
24,2023-05-03 09:39:00+05:30,18072.85,18077.05,18072.85,18076.2,0
25,2023-05-03 09:40:00+05:30,18077.1,18083.85,18074.2,18083.6,0
26,2023-05-03 09:41:00+05:30,18083.7,18086.35,18080.1,18081.5,0
27,2023-05-03 09:42:00+05:30,18082.55,18084.45,18081.2,18082.7,0
28,2023-05-03 09:43:00+05:30,18082.0,18082.6,18077.45,18078.0,0
29,2023-05-03 09:44:00+05:30,18077.6,18078.9,18075.65,18078.9,0
30,2023-05-03 09:45:00+05:30,18077.65,18079.25,18070.9,18071.85,0
31,2023-05-03 09:46:00+05:30,18071.3,18077.45,18070.0,18077.45,0
32,2023-05-03 09:47:00+05:30,18076.8,18078.75,18074.2,18074.2,0
33,2023-05-03 09:48:00+05:30,18073.15,18087.3,18072.65,18087.3,0
34,2023-05-03 09:49:00+05:30,18087.45,18091.2,18085.55,18090.15,0
35,2023-05-03 09:50:00+05:30,18090.45,18092.4,18088.9,18089.45,0
36,2023-05-03 09:51:00+05:30,18088.95,18090.7,18085.65,18086.65,0
37,2023-05-03 09:52:00+05:30,18086.85,18087.7,18085.3,18087.3,0
38,2023-05-03 09:53:00+05:30,18087.05,18087.05,18084.15,18086.55,0
39,2023-05-03 09:54:00+05:30,18086.6,18087.35,18084.7,18085.3,0
40,2023-05-03 09:55:00+05:30,18085.15,18088.25,18083.7,18087.3,0
41,2023-05-03 09:56:00+05:30,18087.4,18087.4,18084.15,18085.05,0
42,2023-05-03 09:57:00+05:30,18085.5,18086.55,18080.55,18083.3,0
43,2023-05-03 09:58:00+05:30,18083.75,18085.55,18082.2,18085.0,0
44,2023-05-03 09:59:00+05:30,18085.05,18089.65,18084.75,18089.65,0
45,2023-05-03 10:00:00+05:30,18089.5,18092.1,18085.75,18087.15,0
46,2023-05-03 10:01:00+05:30,18087.5,18089.8,18087.35,18087.6,0
47,2023-05-03 10:02:00+05:30,18087.9,18088.6,18085.9,18087.25,0
48,2023-05-03 10:03:00+05:30,18087.45,18087.55,18085.8,18087.0,0
49,2023-05-03 10:04:00+05:30,18086.55,18087.3,18083.95,18084.6,0
50,2023-05-03 10:05:00+05:30,18084.15,18085.85,18083.95,18085.3,0
51,2023-05-03 10:06:00+05:30,18085.35,18086.75,18083.35,18083.75,0
52,2023-05-03 10:07:00+05:30,18084.45,18085.05,18081.8,18084.8,0
53,2023-05-03 10:08:00+05:30,18084.1,18085.85,18081.8,18083.7,0
54,2023-05-03 10:09:00+05:30,18084.1,18084.1,18080.0,18081.05,0
55,2023-05-03 10:10:00+05:30,18081.9,18085.5,18081.9,18084.4,0
56,2023-05-03 10:11:00+05:30,18084.3,18084.75,18082.7,18084.05,0
57,2023-05-03 10:12:00+05:30,18083.15,18085.35,18082.65,18084.4,0
58,2023-05-03 10:13:00+05:30,18085.5,18086.55,18084.25,18086.3,0
59,2023-05-03 10:14:00+05:30,18086.5,18086.5,18083.25,18083.55,0
60,2023-05-03 10:15:00+05:30,18083.65,18091.3,18083.65,18089.7,0
61,2023-05-03 10:16:00+05:30,18089.6,18091.3,18088.65,18089.7,0
62,2023-05-03 10:17:00+05:30,18090.05,18091.6,18089.75,18089.95,0
63,2023-05-03 10:18:00+05:30,18090.55,18091.75,18089.5,18091.55,0
64,2023-05-03 10:19:00+05:30,18091.8,18094.35,18091.65,18092.2,0
65,2023-05-03 10:20:00+05:30,18092.1,18092.35,18090.5,18092.35,0
66,2023-05-03 10:21:00+05:30,18091.6,18093.8,18091.0,18093.8,0
67,2023-05-03 10:22:00+05:30,18092.8,18095.9,18092.8,18094.5,0
68,2023-05-03 10:23:00+05:30,18094.55,18094.55,18091.85,18092.5,0
69,2023-05-03 10:24:00+05:30,18092.25,18092.75,18090.7,18092.75,0
70,2023-05-03 10:25:00+05:30,18092.45,18094.1,18092.3,18093.15,0
71,2023-05-03 10:26:00+05:30,18093.15,18094.2,18091.5,18094.15,0
72,2023-05-03 10:27:00+05:30,18094.4,18096.3,18092.25,18092.9,0
73,2023-05-03 10:28:00+05:30,18092.75,18093.4,18089.5,18092.7,0
74,2023-05-03 10:29:00+05:30,18093.0,18093.0,18088.6,18089.3,0
75,2023-05-03 10:30:00+05:30,18089.85,18091.25,18089.3,18090.95,0
76,2023-05-03 10:31:00+05:30,18089.7,18090.7,18089.3,18089.9,0
77,2023-05-03 10:32:00+05:30,18090.4,18095.2,18089.9,18093.35,0
78,2023-05-03 10:33:00+05:30,18093.35,18095.0,18092.5,18093.75,0
79,2023-05-03 10:34:00+05:30,18094.75,18095.65,18093.3,18094.1,0
80,2023-05-03 10:35:00+05:30,18093.3,18096.65,18093.05,18096.3,0
81,2023-05-03 10:36:00+05:30,18096.05,18096.5,18094.2,18094.2,0
82,2023-05-03 10:37:00+05:30,18094.7,18100.5,18093.9,18099.6,0
83,2023-05-03 10:38:00+05:30,18100.4,18101.75,18097.3,18098.35,0
84,2023-05-03 10:39:00+05:30,18097.85,18099.1,18096.7,18098.25,0
85,2023-05-03 10:40:00+05:30,18098.65,18099.8,18097.95,18098.75,0
86,2023-05-03 10:41:00+05:30,18098.25,18101.8,18098.25,18100.8,0
87,2023-05-03 10:42:00+05:30,18100.85,18104.1,18100.1,18103.85,0
88,2023-05-03 10:43:00+05:30,18104.75,18109.45,18104.05,18108.3,0
89,2023-05-03 10:44:00+05:30,18108.3,18110.3,18107.35,18107.65,0
90,2023-05-03 10:45:00+05:30,18107.4,18109.65,18105.85,18105.85,0
91,2023-05-03 10:46:00+05:30,18106.5,18110.65,18106.1,18110.2,0
92,2023-05-03 10:47:00+05:30,18110.2,18112.55,18108.75,18108.95,0
93,2023-05-03 10:48:00+05:30,18109.3,18112.1,18109.3,18111.05,0
94,2023-05-03 10:49:00+05:30,18111.25,18113.5,18110.5,18112.7,0
95,2023-05-03 10:50:00+05:30,18113.55,18116.25,18112.85,18112.9,0
96,2023-05-03 10:51:00+05:30,18112.3,18112.45,18108.1,18108.35,0
97,2023-05-03 10:52:00+05:30,18108.6,18111.9,18108.3,18110.2,0
98,2023-05-03 10:53:00+05:30,18109.7,18109.95,18104.2,18105.4,0
99,2023-05-03 10:54:00+05:30,18105.25,18106.9,18102.75,18105.8,0
100,2023-05-03 10:55:00+05:30,18105.75,18110.0,18105.3,18109.15,0
101,2023-05-03 10:56:00+05:30,18108.9,18109.5,18101.75,18104.95,0
102,2023-05-03 10:57:00+05:30,18104.05,18106.25,18104.0,18106.0,0
103,2023-05-03 10:58:00+05:30,18105.85,18110.65,18105.5,18110.2,0
104,2023-05-03 10:59:00+05:30,18110.7,18112.95,18108.3,18109.05,0
105,2023-05-03 11:00:00+05:30,18109.5,18110.15,18104.75,18105.55,0
106,2023-05-03 11:01:00+05:30,18105.45,18105.45,18101.85,18103.05,0
107,2023-05-03 11:02:00+05:30,18102.65,18103.25,18099.05,18100.1,0
108,2023-05-03 11:03:00+05:30,18100.3,18100.3,18095.5,18095.7,0
109,2023-05-03 11:04:00+05:30,18096.6,18097.15,18091.9,18094.5,0
110,2023-05-03 11:05:00+05:30,18095.0,18096.6,18093.6,18093.75,0
111,2023-05-03 11:06:00+05:30,18094.0,18094.0,18088.3,18089.5,0
112,2023-05-03 11:07:00+05:30,18089.35,18091.35,18088.45,18091.35,0
113,2023-05-03 11:08:00+05:30,18090.65,18095.1,18090.65,18091.5,0
114,2023-05-03 11:09:00+05:30,18090.85,18091.9,18085.95,18086.1,0
115,2023-05-03 11:10:00+05:30,18087.1,18088.3,18085.5,18088.25,0
116,2023-05-03 11:11:00+05:30,18087.7,18088.8,18083.55,18083.8,0
117,2023-05-03 11:12:00+05:30,18084.0,18084.0,18078.55,18080.65,0
118,2023-05-03 11:13:00+05:30,18080.65,18082.85,18080.4,18082.4,0
119,2023-05-03 11:14:00+05:30,18081.65,18082.2,18078.65,18078.9,0
120,2023-05-03 11:15:00+05:30,18078.9,18079.2,18075.4,18076.1,0
121,2023-05-03 11:16:00+05:30,18075.8,18077.55,18073.85,18074.85,0
122,2023-05-03 11:17:00+05:30,18075.0,18079.25,18074.35,18079.2,0
123,2023-05-03 11:18:00+05:30,18079.2,18079.2,18075.85,18076.6,0
124,2023-05-03 11:19:00+05:30,18076.75,18077.0,18072.35,18073.75,0
125,2023-05-03 11:20:00+05:30,18073.9,18079.6,18072.8,18079.45,0
126,2023-05-03 11:21:00+05:30,18078.5,18081.4,18078.05,18080.0,0
127,2023-05-03 11:22:00+05:30,18080.85,18080.85,18078.35,18079.2,0
128,2023-05-03 11:23:00+05:30,18078.95,18083.0,18078.05,18083.0,0
129,2023-05-03 11:24:00+05:30,18082.8,18082.85,18081.35,18082.3,0
130,2023-05-03 11:25:00+05:30,18082.1,18082.15,18079.8,18080.8,0
131,2023-05-03 11:26:00+05:30,18081.05,18082.35,18080.55,18082.2,0
132,2023-05-03 11:27:00+05:30,18082.25,18084.4,18081.55,18083.85,0
133,2023-05-03 11:28:00+05:30,18084.2,18084.2,18081.75,18081.75,0
134,2023-05-03 11:29:00+05:30,18082.3,18084.05,18081.1,18083.45,0
135,2023-05-03 11:30:00+05:30,18083.8,18084.3,18082.6,18083.4,0
136,2023-05-03 11:31:00+05:30,18083.3,18083.3,18080.55,18082.0,0
137,2023-05-03 11:32:00+05:30,18082.15,18084.1,18081.05,18084.1,0
138,2023-05-03 11:33:00+05:30,18084.4,18084.95,18082.85,18084.95,0
139,2023-05-03 11:34:00+05:30,18085.4,18086.35,18084.1,18086.05,0
140,2023-05-03 11:35:00+05:30,18085.5,18087.55,18083.35,18083.4,0
141,2023-05-03 11:36:00+05:30,18084.35,18084.55,18080.7,18082.2,0
142,2023-05-03 11:37:00+05:30,18082.25,18085.45,18081.8,18085.45,0
143,2023-05-03 11:38:00+05:30,18085.55,18087.0,18083.1,18083.1,0
144,2023-05-03 11:39:00+05:30,18082.9,18082.9,18079.0,18079.45,0
145,2023-05-03 11:40:00+05:30,18078.85,18078.95,18076.8,18078.95,0
146,2023-05-03 11:41:00+05:30,18078.3,18078.9,18076.45,18077.75,0
147,2023-05-03 11:42:00+05:30,18078.1,18078.1,18075.8,18076.25,0
148,2023-05-03 11:43:00+05:30,18076.65,18076.65,18071.95,18072.0,0
149,2023-05-03 11:44:00+05:30,18071.6,18072.35,18069.45,18070.55,0
150,2023-05-03 11:45:00+05:30,18070.45,18071.65,18067.95,18068.55,0
151,2023-05-03 11:46:00+05:30,18068.85,18069.15,18067.75,18068.6,0
152,2023-05-03 11:47:00+05:30,18068.6,18068.6,18063.4,18067.5,0
153,2023-05-03 11:48:00+05:30,18067.4,18070.35,18066.45,18070.35,0
154,2023-05-03 11:49:00+05:30,18070.95,18073.4,18069.75,18071.4,0
155,2023-05-03 11:50:00+05:30,18071.65,18073.2,18069.65,18073.2,0
156,2023-05-03 11:51:00+05:30,18073.05,18073.55,18071.8,18073.4,0
157,2023-05-03 11:52:00+05:30,18073.05,18078.3,18072.65,18077.75,0
158,2023-05-03 11:53:00+05:30,18077.75,18077.75,18074.9,18075.2,0
159,2023-05-03 11:54:00+05:30,18075.25,18076.35,18074.5,18076.25,0
160,2023-05-03 11:55:00+05:30,18076.45,18077.2,18074.95,18075.4,0
161,2023-05-03 11:56:00+05:30,18075.6,18076.0,18070.85,18071.8,0
162,2023-05-03 11:57:00+05:30,18073.1,18079.15,18071.95,18079.1,0
163,2023-05-03 11:58:00+05:30,18079.75,18079.8,18077.7,18079.0,0
164,2023-05-03 11:59:00+05:30,18078.65,18079.75,18076.75,18079.5,0
165,2023-05-03 12:00:00+05:30,18079.65,18082.75,18078.8,18080.75,0
166,2023-05-03 12:01:00+05:30,18081.0,18081.05,18078.8,18080.3,0
167,2023-05-03 12:02:00+05:30,18080.25,18082.35,18079.9,18082.35,0
168,2023-05-03 12:03:00+05:30,18082.35,18083.05,18079.05,18080.25,0
169,2023-05-03 12:04:00+05:30,18080.8,18083.7,18080.4,18083.15,0
170,2023-05-03 12:05:00+05:30,18083.25,18084.25,18082.35,18083.2,0
171,2023-05-03 12:06:00+05:30,18083.35,18083.85,18082.65,18083.65,0
172,2023-05-03 12:07:00+05:30,18083.75,18083.75,18080.8,18082.15,0
173,2023-05-03 12:08:00+05:30,18082.45,18082.45,18077.45,18078.35,0
174,2023-05-03 12:09:00+05:30,18077.9,18077.9,18073.0,18073.35,0
175,2023-05-03 12:10:00+05:30,18073.7,18075.25,18071.95,18074.95,0
176,2023-05-03 12:11:00+05:30,18074.7,18075.15,18072.65,18073.1,0
177,2023-05-03 12:12:00+05:30,18073.45,18073.45,18070.3,18072.1,0
178,2023-05-03 12:13:00+05:30,18072.35,18072.35,18070.25,18070.9,0
179,2023-05-03 12:14:00+05:30,18070.75,18070.75,18068.05,18069.55,0
180,2023-05-03 12:15:00+05:30,18069.1,18070.6,18068.15,18068.65,0
181,2023-05-03 12:16:00+05:30,18068.35,18072.05,18067.9,18071.85,0
182,2023-05-03 12:17:00+05:30,18071.5,18071.5,18067.2,18067.2,0
183,2023-05-03 12:18:00+05:30,18068.15,18068.75,18067.1,18068.1,0
184,2023-05-03 12:19:00+05:30,18068.2,18068.2,18066.7,18066.7,0
185,2023-05-03 12:20:00+05:30,18067.55,18068.35,18066.05,18067.55,0
186,2023-05-03 12:21:00+05:30,18067.75,18069.85,18066.65,18068.25,0
187,2023-05-03 12:22:00+05:30,18068.6,18068.6,18065.45,18065.45,0
188,2023-05-03 12:23:00+05:30,18065.25,18065.8,18062.8,18063.85,0
189,2023-05-03 12:24:00+05:30,18063.0,18065.15,18061.65,18065.15,0
190,2023-05-03 12:25:00+05:30,18064.9,18065.15,18061.3,18064.05,0
191,2023-05-03 12:26:00+05:30,18064.5,18069.9,18064.5,18069.9,0
192,2023-05-03 12:27:00+05:30,18070.25,18071.5,18069.2,18070.95,0
193,2023-05-03 12:28:00+05:30,18071.45,18071.45,18065.85,18067.5,0
194,2023-05-03 12:29:00+05:30,18067.9,18071.1,18066.9,18071.1,0
195,2023-05-03 12:30:00+05:30,18071.35,18071.8,18067.45,18071.8,0
196,2023-05-03 12:31:00+05:30,18071.95,18076.9,18071.7,18076.05,0
197,2023-05-03 12:32:00+05:30,18076.95,18076.95,18074.9,18076.35,0
198,2023-05-03 12:33:00+05:30,18076.5,18079.55,18076.15,18078.2,0
199,2023-05-03 12:34:00+05:30,18078.35,18080.5,18077.35,18079.5,0
200,2023-05-03 12:35:00+05:30,18079.8,18080.95,18079.15,18080.2,0
201,2023-05-03 12:36:00+05:30,18079.9,18084.3,18079.9,18080.3,0
202,2023-05-03 12:37:00+05:30,18079.85,18085.65,18079.5,18084.9,0
203,2023-05-03 12:38:00+05:30,18085.4,18085.4,18079.15,18080.1,0
204,2023-05-03 12:39:00+05:30,18079.45,18080.5,18074.2,18074.6,0
205,2023-05-03 12:40:00+05:30,18074.85,18078.05,18072.6,18077.2,0
206,2023-05-03 12:41:00+05:30,18076.4,18077.0,18074.25,18076.15,0
207,2023-05-03 12:42:00+05:30,18076.15,18076.15,18072.4,18075.0,0
208,2023-05-03 12:43:00+05:30,18075.3,18076.15,18073.9,18074.95,0
209,2023-05-03 12:44:00+05:30,18074.75,18075.5,18073.35,18074.95,0
210,2023-05-03 12:45:00+05:30,18075.1,18077.15,18074.7,18076.8,0
211,2023-05-03 12:46:00+05:30,18077.15,18082.1,18076.9,18082.1,0
212,2023-05-03 12:47:00+05:30,18082.15,18083.5,18080.4,18083.4,0
213,2023-05-03 12:48:00+05:30,18083.8,18085.6,18083.15,18085.6,0
214,2023-05-03 12:49:00+05:30,18085.7,18089.4,18084.2,18089.4,0
215,2023-05-03 12:50:00+05:30,18089.9,18091.55,18088.3,18091.05,0
216,2023-05-03 12:51:00+05:30,18092.05,18092.05,18088.25,18088.6,0
217,2023-05-03 12:52:00+05:30,18089.75,18090.15,18087.8,18089.4,0
218,2023-05-03 12:53:00+05:30,18090.1,18090.9,18088.8,18089.9,0
219,2023-05-03 12:54:00+05:30,18090.25,18090.4,18086.3,18088.35,0
220,2023-05-03 12:55:00+05:30,18088.2,18088.2,18084.6,18085.55,0
221,2023-05-03 12:56:00+05:30,18086.05,18086.1,18083.2,18085.8,0
222,2023-05-03 12:57:00+05:30,18085.5,18087.2,18083.4,18087.2,0
223,2023-05-03 12:58:00+05:30,18087.25,18087.95,18085.3,18087.6,0
224,2023-05-03 12:59:00+05:30,18087.3,18087.3,18081.7,18083.4,0
225,2023-05-03 13:00:00+05:30,18082.7,18086.7,18081.6,18086.7,0
226,2023-05-03 13:01:00+05:30,18086.6,18092.45,18085.0,18092.45,0
227,2023-05-03 13:02:00+05:30,18092.55,18093.5,18089.65,18090.5,0
228,2023-05-03 13:03:00+05:30,18089.1,18092.35,18087.95,18091.55,0
229,2023-05-03 13:04:00+05:30,18091.6,18092.05,18088.35,18089.7,0
230,2023-05-03 13:05:00+05:30,18089.2,18092.85,18088.65,18092.85,0
231,2023-05-03 13:06:00+05:30,18093.05,18094.95,18091.95,18092.5,0
232,2023-05-03 13:07:00+05:30,18092.25,18092.6,18089.9,18091.2,0
233,2023-05-03 13:08:00+05:30,18090.8,18092.45,18089.3,18092.45,0
234,2023-05-03 13:09:00+05:30,18092.05,18092.05,18087.6,18088.1,0
235,2023-05-03 13:10:00+05:30,18088.1,18088.1,18082.4,18083.35,0
236,2023-05-03 13:11:00+05:30,18082.95,18083.25,18079.85,18081.15,0
237,2023-05-03 13:12:00+05:30,18081.25,18081.45,18079.35,18080.0,0
238,2023-05-03 13:13:00+05:30,18080.05,18080.25,18076.6,18078.6,0
239,2023-05-03 13:14:00+05:30,18078.4,18080.2,18077.9,18078.85,0
240,2023-05-03 13:15:00+05:30,18077.9,18078.15,18075.5,18075.5,0
241,2023-05-03 13:16:00+05:30,18075.8,18077.85,18073.6,18074.0,0
242,2023-05-03 13:17:00+05:30,18074.1,18081.7,18074.1,18081.7,0
243,2023-05-03 13:18:00+05:30,18081.55,18085.55,18080.65,18084.6,0
244,2023-05-03 13:19:00+05:30,18085.6,18088.45,18084.6,18087.55,0
245,2023-05-03 13:20:00+05:30,18087.65,18091.0,18086.7,18090.85,0
246,2023-05-03 13:21:00+05:30,18091.1,18092.3,18090.05,18090.6,0
247,2023-05-03 13:22:00+05:30,18090.8,18090.8,18085.85,18086.2,0
248,2023-05-03 13:23:00+05:30,18086.1,18086.1,18080.6,18084.75,0
249,2023-05-03 13:24:00+05:30,18085.05,18087.1,18084.7,18086.45,0
250,2023-05-03 13:25:00+05:30,18086.7,18093.95,18086.2,18093.95,0
251,2023-05-03 13:26:00+05:30,18094.05,18100.45,18093.8,18100.45,0
252,2023-05-03 13:27:00+05:30,18100.2,18100.5,18096.3,18096.3,0
253,2023-05-03 13:28:00+05:30,18097.05,18097.9,18095.55,18095.55,0
254,2023-05-03 13:29:00+05:30,18095.25,18096.7,18092.65,18092.65,0
255,2023-05-03 13:30:00+05:30,18091.4,18093.95,18088.8,18093.95,0
256,2023-05-03 13:31:00+05:30,18094.3,18096.8,18092.5,18092.8,0
257,2023-05-03 13:32:00+05:30,18093.75,18093.75,18083.05,18086.7,0
258,2023-05-03 13:33:00+05:30,18087.2,18088.4,18084.15,18085.85,0
259,2023-05-03 13:34:00+05:30,18086.0,18086.25,18080.95,18083.35,0
260,2023-05-03 13:35:00+05:30,18082.7,18082.9,18078.8,18081.9,0
261,2023-05-03 13:36:00+05:30,18080.3,18083.8,18080.25,18082.75,0
262,2023-05-03 13:37:00+05:30,18082.15,18083.05,18081.05,18081.75,0
263,2023-05-03 13:38:00+05:30,18082.0,18083.35,18081.0,18082.0,0
264,2023-05-03 13:39:00+05:30,18082.05,18082.05,18078.3,18078.85,0
265,2023-05-03 13:40:00+05:30,18078.6,18081.25,18077.6,18080.6,0
266,2023-05-03 13:41:00+05:30,18080.35,18082.7,18079.5,18080.85,0
267,2023-05-03 13:42:00+05:30,18081.75,18081.75,18077.3,18079.1,0
268,2023-05-03 13:43:00+05:30,18078.9,18079.3,18074.25,18075.35,0
269,2023-05-03 13:44:00+05:30,18074.35,18078.4,18070.8,18078.4,0
270,2023-05-03 13:45:00+05:30,18078.65,18080.75,18078.1,18079.75,0
271,2023-05-03 13:46:00+05:30,18080.05,18080.55,18077.65,18079.9,0
272,2023-05-03 13:47:00+05:30,18080.45,18081.1,18077.6,18079.05,0
273,2023-05-03 13:48:00+05:30,18078.8,18081.9,18078.25,18081.3,0
274,2023-05-03 13:49:00+05:30,18082.1,18082.1,18072.35,18073.85,0
275,2023-05-03 13:50:00+05:30,18073.2,18073.25,18066.4,18067.3,0
276,2023-05-03 13:51:00+05:30,18066.65,18067.75,18065.25,18066.15,0
277,2023-05-03 13:52:00+05:30,18066.35,18068.65,18063.55,18068.55,0
278,2023-05-03 13:53:00+05:30,18068.3,18069.15,18062.95,18063.5,0
279,2023-05-03 13:54:00+05:30,18063.2,18063.2,18048.15,18050.8,0
280,2023-05-03 13:55:00+05:30,18050.05,18052.2,18045.15,18048.35,0
281,2023-05-03 13:56:00+05:30,18047.95,18049.55,18043.35,18049.55,0
282,2023-05-03 13:57:00+05:30,18049.15,18056.3,18049.15,18056.3,0
283,2023-05-03 13:58:00+05:30,18056.45,18059.7,18056.3,18057.55,0
284,2023-05-03 13:59:00+05:30,18057.95,18057.95,18054.75,18055.95,0
285,2023-05-03 14:00:00+05:30,18055.45,18059.85,18053.95,18059.7,0
286,2023-05-03 14:01:00+05:30,18059.55,18061.65,18058.7,18060.15,0
287,2023-05-03 14:02:00+05:30,18060.85,18065.75,18059.5,18065.75,0
288,2023-05-03 14:03:00+05:30,18065.55,18065.55,18059.25,18063.45,0
289,2023-05-03 14:04:00+05:30,18065.9,18074.2,18065.9,18071.75,0
290,2023-05-03 14:05:00+05:30,18072.1,18072.1,18066.35,18071.15,0
291,2023-05-03 14:06:00+05:30,18071.45,18074.0,18069.9,18071.15,0
292,2023-05-03 14:07:00+05:30,18071.35,18072.3,18069.25,18069.3,0
293,2023-05-03 14:08:00+05:30,18070.25,18071.5,18065.75,18067.5,0
294,2023-05-03 14:09:00+05:30,18067.95,18067.95,18060.4,18067.95,0
295,2023-05-03 14:10:00+05:30,18068.6,18073.2,18066.15,18066.85,0
296,2023-05-03 14:11:00+05:30,18066.3,18068.25,18062.1,18066.9,0
297,2023-05-03 14:12:00+05:30,18066.75,18069.35,18063.5,18068.15,0
298,2023-05-03 14:13:00+05:30,18068.4,18069.25,18065.15,18069.15,0
299,2023-05-03 14:14:00+05:30,18069.6,18069.6,18065.6,18069.0,0
300,2023-05-03 14:15:00+05:30,18069.35,18069.85,18065.35,18067.55,0
301,2023-05-03 14:16:00+05:30,18067.45,18068.75,18065.7,18067.6,0
302,2023-05-03 14:17:00+05:30,18068.5,18068.5,18065.65,18066.0,0
303,2023-05-03 14:18:00+05:30,18066.4,18066.7,18064.35,18066.3,0
304,2023-05-03 14:19:00+05:30,18067.0,18070.85,18065.8,18070.85,0
305,2023-05-03 14:20:00+05:30,18071.05,18071.05,18067.6,18069.0,0
306,2023-05-03 14:21:00+05:30,18068.55,18070.05,18066.85,18068.15,0
307,2023-05-03 14:22:00+05:30,18067.65,18070.25,18067.0,18070.25,0
308,2023-05-03 14:23:00+05:30,18070.3,18073.55,18068.85,18072.6,0
309,2023-05-03 14:24:00+05:30,18072.55,18072.9,18069.5,18070.9,0
310,2023-05-03 14:25:00+05:30,18071.25,18074.0,18070.25,18072.85,0
311,2023-05-03 14:26:00+05:30,18072.25,18075.45,18071.95,18075.45,0
312,2023-05-03 14:27:00+05:30,18076.5,18082.3,18076.0,18081.9,0
313,2023-05-03 14:28:00+05:30,18082.25,18082.8,18075.4,18075.9,0
314,2023-05-03 14:29:00+05:30,18076.0,18076.95,18073.55,18075.45,0
315,2023-05-03 14:30:00+05:30,18074.85,18080.6,18073.1,18080.6,0
316,2023-05-03 14:31:00+05:30,18080.75,18088.4,18077.8,18087.95,0
317,2023-05-03 14:32:00+05:30,18088.4,18093.0,18086.8,18093.0,0
318,2023-05-03 14:33:00+05:30,18092.5,18101.0,18092.1,18099.5,0
319,2023-05-03 14:34:00+05:30,18100.35,18100.5,18095.05,18096.7,0
320,2023-05-03 14:35:00+05:30,18096.85,18098.1,18094.2,18094.85,0
321,2023-05-03 14:36:00+05:30,18095.05,18101.05,18095.0,18100.45,0
322,2023-05-03 14:37:00+05:30,18100.3,18100.5,18095.85,18099.25,0
323,2023-05-03 14:38:00+05:30,18099.6,18100.25,18095.05,18096.15,0
324,2023-05-03 14:39:00+05:30,18096.5,18097.6,18094.45,18095.55,0
325,2023-05-03 14:40:00+05:30,18096.2,18098.25,18094.8,18096.7,0
326,2023-05-03 14:41:00+05:30,18096.5,18097.95,18094.8,18096.05,0
327,2023-05-03 14:42:00+05:30,18096.1,18096.5,18092.45,18093.35,0
328,2023-05-03 14:43:00+05:30,18093.05,18093.05,18083.9,18086.85,0
329,2023-05-03 14:44:00+05:30,18087.1,18087.6,18081.1,18081.55,0
330,2023-05-03 14:45:00+05:30,18081.6,18085.15,18079.65,18084.2,0
331,2023-05-03 14:46:00+05:30,18084.25,18088.85,18083.95,18086.05,0
332,2023-05-03 14:47:00+05:30,18086.7,18086.7,18081.7,18085.55,0
333,2023-05-03 14:48:00+05:30,18085.05,18087.1,18082.1,18083.0,0
334,2023-05-03 14:49:00+05:30,18083.35,18088.45,18081.3,18088.35,0
335,2023-05-03 14:50:00+05:30,18088.8,18089.5,18084.55,18089.5,0
336,2023-05-03 14:51:00+05:30,18089.45,18089.8,18083.9,18083.9,0
337,2023-05-03 14:52:00+05:30,18084.25,18085.8,18081.55,18085.8,0
338,2023-05-03 14:53:00+05:30,18085.7,18086.5,18083.25,18086.5,0
339,2023-05-03 14:54:00+05:30,18087.05,18087.45,18084.8,18085.45,0
340,2023-05-03 14:55:00+05:30,18084.25,18084.25,18077.75,18080.6,0
341,2023-05-03 14:56:00+05:30,18080.4,18082.35,18078.7,18081.45,0
342,2023-05-03 14:57:00+05:30,18081.2,18081.2,18074.9,18075.45,0
343,2023-05-03 14:58:00+05:30,18074.25,18077.45,18072.45,18076.7,0
344,2023-05-03 14:59:00+05:30,18076.4,18078.45,18074.95,18076.35,0
345,2023-05-03 15:00:00+05:30,18077.5,18087.3,18077.5,18084.5,0
346,2023-05-03 15:01:00+05:30,18083.45,18083.45,18071.7,18072.15,0
347,2023-05-03 15:02:00+05:30,18072.1,18072.6,18070.15,18072.6,0
348,2023-05-03 15:03:00+05:30,18072.55,18082.4,18071.65,18081.05,0
349,2023-05-03 15:04:00+05:30,18080.4,18085.85,18077.7,18085.1,0
350,2023-05-03 15:05:00+05:30,18086.1,18087.35,18080.05,18080.05,0
351,2023-05-03 15:06:00+05:30,18081.0,18081.75,18078.9,18079.15,0
352,2023-05-03 15:07:00+05:30,18079.2,18083.1,18078.95,18082.15,0
353,2023-05-03 15:08:00+05:30,18082.0,18083.7,18080.2,18083.7,0
354,2023-05-03 15:09:00+05:30,18083.9,18088.0,18083.6,18087.2,0
355,2023-05-03 15:10:00+05:30,18088.2,18090.55,18087.1,18087.4,0
356,2023-05-03 15:11:00+05:30,18087.65,18089.8,18085.1,18089.1,0
357,2023-05-03 15:12:00+05:30,18088.95,18090.7,18087.55,18088.0,0
358,2023-05-03 15:13:00+05:30,18088.95,18094.15,18088.45,18093.3,0
359,2023-05-03 15:14:00+05:30,18092.9,18098.75,18092.9,18098.0,0
360,2023-05-03 15:15:00+05:30,18098.1,18098.65,18093.35,18098.0,0
361,2023-05-03 15:16:00+05:30,18097.65,18098.1,18092.0,18092.0,0
362,2023-05-03 15:17:00+05:30,18092.45,18095.15,18092.05,18093.8,0
363,2023-05-03 15:18:00+05:30,18094.1,18095.65,18090.25,18091.05,0
364,2023-05-03 15:19:00+05:30,18090.7,18092.8,18090.25,18092.25,0
365,2023-05-03 15:20:00+05:30,18092.35,18097.6,18091.5,18093.6,0
366,2023-05-03 15:21:00+05:30,18094.1,18099.2,18093.5,18099.2,0
367,2023-05-03 15:22:00+05:30,18098.8,18102.5,18098.75,18101.15,0
368,2023-05-03 15:23:00+05:30,18101.5,18102.6,18097.85,18098.1,0
369,2023-05-03 15:24:00+05:30,18097.85,18098.15,18094.95,18094.95,0
370,2023-05-03 15:25:00+05:30,18095.25,18095.8,18092.15,18092.55,0
371,2023-05-03 15:26:00+05:30,18091.95,18096.25,18091.95,18093.2,0
372,2023-05-03 15:27:00+05:30,18092.95,18093.35,18090.7,18090.85,0
373,2023-05-03 15:28:00+05:30,18090.2,18090.2,18079.45,18080.35,0
374,2023-05-03 15:29:00+05:30,18079.75,18086.35,18077.65,18082.7,0
375,2023-05-04 09:15:00+05:30,18081.0,18095.3,18071.25,18085.25,0
376,2023-05-04 09:16:00+05:30,18086.55,18107.1,18085.2,18102.8,0
377,2023-05-04 09:17:00+05:30,18103.15,18103.35,18097.9,18103.3,0
378,2023-05-04 09:18:00+05:30,18104.15,18111.7,18102.65,18111.1,0
379,2023-05-04 09:19:00+05:30,18111.15,18114.3,18098.8,18099.3,0
380,2023-05-04 09:20:00+05:30,18099.3,18100.8,18092.2,18100.8,0
381,2023-05-04 09:21:00+05:30,18101.7,18101.7,18094.0,18094.0,0
382,2023-05-04 09:22:00+05:30,18093.6,18102.3,18092.65,18101.85,0
383,2023-05-04 09:23:00+05:30,18103.6,18112.75,18102.5,18112.55,0
384,2023-05-04 09:24:00+05:30,18113.3,18117.45,18112.4,18114.65,0
385,2023-05-04 09:25:00+05:30,18114.7,18114.7,18105.95,18109.75,0
386,2023-05-04 09:26:00+05:30,18109.6,18118.65,18109.6,18118.0,0
387,2023-05-04 09:27:00+05:30,18118.35,18118.35,18113.25,18114.35,0
388,2023-05-04 09:28:00+05:30,18116.0,18117.35,18112.3,18113.55,0
389,2023-05-04 09:29:00+05:30,18113.5,18118.2,18112.3,18117.4,0
390,2023-05-04 09:30:00+05:30,18118.2,18119.9,18115.45,18118.3,0
391,2023-05-04 09:31:00+05:30,18118.0,18122.55,18116.9,18117.65,0
392,2023-05-04 09:32:00+05:30,18118.3,18118.4,18115.1,18117.65,0
393,2023-05-04 09:33:00+05:30,18117.3,18118.3,18113.5,18117.1,0
394,2023-05-04 09:34:00+05:30,18117.15,18119.35,18115.1,18118.15,0
395,2023-05-04 09:35:00+05:30,18117.7,18117.9,18108.15,18112.05,0
396,2023-05-04 09:36:00+05:30,18110.85,18113.1,18105.55,18106.2,0
397,2023-05-04 09:37:00+05:30,18106.15,18109.3,18105.6,18107.05,0
398,2023-05-04 09:38:00+05:30,18107.45,18116.15,18105.95,18115.7,0
399,2023-05-04 09:39:00+05:30,18115.35,18115.55,18111.9,18112.0,0
400,2023-05-04 09:40:00+05:30,18112.75,18112.75,18108.55,18110.05,0
401,2023-05-04 09:41:00+05:30,18110.3,18112.0,18107.9,18108.25,0
402,2023-05-04 09:42:00+05:30,18108.3,18112.05,18107.65,18107.85,0
403,2023-05-04 09:43:00+05:30,18108.3,18112.8,18102.7,18112.3,0
404,2023-05-04 09:44:00+05:30,18114.15,18114.35,18110.95,18111.85,0
405,2023-05-04 09:45:00+05:30,18111.75,18118.35,18111.25,18117.05,0
406,2023-05-04 09:46:00+05:30,18117.2,18117.85,18113.1,18113.1,0
407,2023-05-04 09:47:00+05:30,18112.6,18112.6,18108.8,18111.1,0
408,2023-05-04 09:48:00+05:30,18110.85,18113.15,18110.8,18111.2,0
409,2023-05-04 09:49:00+05:30,18111.5,18116.25,18111.15,18115.45,0
410,2023-05-04 09:50:00+05:30,18116.3,18117.5,18112.25,18115.3,0
411,2023-05-04 09:51:00+05:30,18115.8,18118.75,18113.55,18116.1,0
412,2023-05-04 09:52:00+05:30,18116.75,18116.75,18110.65,18111.65,0
413,2023-05-04 09:53:00+05:30,18111.8,18115.4,18110.55,18110.55,0
414,2023-05-04 09:54:00+05:30,18110.85,18111.95,18108.4,18110.7,0
415,2023-05-04 09:55:00+05:30,18110.6,18112.1,18106.6,18110.45,0
416,2023-05-04 09:56:00+05:30,18111.25,18115.0,18110.95,18113.3,0
417,2023-05-04 09:57:00+05:30,18113.15,18116.05,18112.5,18115.85,0
418,2023-05-04 09:58:00+05:30,18114.9,18116.25,18113.55,18115.2,0
419,2023-05-04 09:59:00+05:30,18116.0,18119.35,18113.95,18119.0,0
420,2023-05-04 10:00:00+05:30,18119.25,18120.15,18114.95,18116.85,0
421,2023-05-04 10:01:00+05:30,18117.4,18130.35,18117.4,18129.3,0
422,2023-05-04 10:02:00+05:30,18128.6,18129.2,18125.55,18128.0,0
423,2023-05-04 10:03:00+05:30,18127.6,18133.9,18127.3,18133.9,0
424,2023-05-04 10:04:00+05:30,18132.9,18134.45,18129.8,18131.0,0
425,2023-05-04 10:05:00+05:30,18130.9,18133.55,18129.2,18129.2,0
426,2023-05-04 10:06:00+05:30,18129.0,18129.8,18125.45,18125.5,0
427,2023-05-04 10:07:00+05:30,18125.95,18129.15,18124.9,18128.45,0
428,2023-05-04 10:08:00+05:30,18128.25,18128.4,18125.5,18128.4,0
429,2023-05-04 10:09:00+05:30,18128.3,18130.75,18127.8,18130.75,0
430,2023-05-04 10:10:00+05:30,18130.5,18133.5,18130.5,18131.0,0
431,2023-05-04 10:11:00+05:30,18130.25,18131.45,18129.2,18130.85,0
432,2023-05-04 10:12:00+05:30,18132.05,18132.25,18126.85,18126.95,0
433,2023-05-04 10:13:00+05:30,18127.05,18128.5,18125.4,18127.9,0
434,2023-05-04 10:14:00+05:30,18127.0,18129.05,18125.4,18127.1,0
435,2023-05-04 10:15:00+05:30,18126.75,18130.2,18126.3,18127.15,0
436,2023-05-04 10:16:00+05:30,18127.05,18127.55,18125.0,18125.45,0
437,2023-05-04 10:17:00+05:30,18127.9,18127.9,18124.55,18124.9,0
438,2023-05-04 10:18:00+05:30,18125.15,18125.8,18122.55,18124.25,0
439,2023-05-04 10:19:00+05:30,18124.25,18125.75,18123.25,18124.55,0
440,2023-05-04 10:20:00+05:30,18124.45,18125.5,18122.5,18124.6,0
441,2023-05-04 10:21:00+05:30,18124.1,18126.5,18123.5,18126.15,0
442,2023-05-04 10:22:00+05:30,18126.05,18126.1,18124.15,18125.25,0
443,2023-05-04 10:23:00+05:30,18124.35,18126.15,18124.15,18125.45,0
444,2023-05-04 10:24:00+05:30,18125.25,18126.65,18123.85,18126.2,0
445,2023-05-04 10:25:00+05:30,18125.85,18135.7,18125.8,18133.45,0
446,2023-05-04 10:26:00+05:30,18133.8,18134.35,18132.5,18133.8,0
447,2023-05-04 10:27:00+05:30,18133.35,18134.55,18129.9,18130.55,0
448,2023-05-04 10:28:00+05:30,18130.5,18132.15,18129.7,18131.75,0
449,2023-05-04 10:29:00+05:30,18132.0,18133.5,18131.4,18132.3,0
450,2023-05-04 10:30:00+05:30,18132.7,18133.9,18131.8,18133.9,0
451,2023-05-04 10:31:00+05:30,18134.05,18135.55,18132.3,18132.3,0
452,2023-05-04 10:32:00+05:30,18132.65,18135.75,18131.75,18135.2,0
453,2023-05-04 10:33:00+05:30,18135.2,18135.5,18131.75,18131.9,0
454,2023-05-04 10:34:00+05:30,18131.95,18132.9,18131.0,18132.2,0
455,2023-05-04 10:35:00+05:30,18132.55,18136.0,18132.2,18135.9,0
456,2023-05-04 10:36:00+05:30,18135.45,18136.35,18133.85,18134.45,0
457,2023-05-04 10:37:00+05:30,18133.85,18135.7,18133.45,18135.7,0
458,2023-05-04 10:38:00+05:30,18135.5,18137.8,18135.5,18136.25,0
459,2023-05-04 10:39:00+05:30,18136.15,18136.9,18135.3,18136.3,0
460,2023-05-04 10:40:00+05:30,18136.2,18137.2,18135.15,18136.25,0
461,2023-05-04 10:41:00+05:30,18135.95,18138.4,18135.4,18137.45,0
462,2023-05-04 10:42:00+05:30,18137.2,18141.15,18137.2,18141.0,0
463,2023-05-04 10:43:00+05:30,18140.55,18142.55,18139.55,18141.95,0
464,2023-05-04 10:44:00+05:30,18142.25,18146.05,18140.65,18144.85,0
465,2023-05-04 10:45:00+05:30,18145.25,18146.4,18141.4,18141.85,0
466,2023-05-04 10:46:00+05:30,18141.5,18142.95,18140.75,18141.5,0
467,2023-05-04 10:47:00+05:30,18140.8,18141.85,18136.9,18138.0,0
468,2023-05-04 10:48:00+05:30,18137.6,18140.6,18137.35,18140.05,0
469,2023-05-04 10:49:00+05:30,18140.3,18141.85,18140.3,18140.85,0
470,2023-05-04 10:50:00+05:30,18141.45,18143.5,18140.35,18141.35,0
471,2023-05-04 10:51:00+05:30,18140.6,18141.8,18139.35,18140.2,0
472,2023-05-04 10:52:00+05:30,18141.15,18141.7,18139.1,18139.75,0
473,2023-05-04 10:53:00+05:30,18139.65,18140.55,18138.25,18138.25,0
474,2023-05-04 10:54:00+05:30,18138.65,18140.1,18137.5,18139.6,0
475,2023-05-04 10:55:00+05:30,18139.15,18142.15,18139.0,18142.1,0
476,2023-05-04 10:56:00+05:30,18141.25,18143.55,18141.25,18143.55,0
477,2023-05-04 10:57:00+05:30,18143.4,18146.2,18142.6,18144.85,0
478,2023-05-04 10:58:00+05:30,18145.65,18149.9,18145.35,18148.85,0
479,2023-05-04 10:59:00+05:30,18149.0,18150.95,18146.3,18146.35,0
480,2023-05-04 11:00:00+05:30,18146.15,18149.1,18145.1,18148.45,0
481,2023-05-04 11:01:00+05:30,18148.3,18150.15,18146.7,18147.2,0
482,2023-05-04 11:02:00+05:30,18147.05,18148.8,18145.9,18147.75,0
483,2023-05-04 11:03:00+05:30,18147.8,18149.65,18146.55,18149.35,0
484,2023-05-04 11:04:00+05:30,18149.3,18151.4,18148.7,18150.2,0
485,2023-05-04 11:05:00+05:30,18149.75,18150.5,18146.6,18146.6,0
486,2023-05-04 11:06:00+05:30,18146.15,18149.4,18145.65,18148.25,0
487,2023-05-04 11:07:00+05:30,18149.35,18150.55,18147.8,18148.6,0
488,2023-05-04 11:08:00+05:30,18148.55,18150.1,18147.55,18147.75,0
489,2023-05-04 11:09:00+05:30,18147.35,18148.25,18146.45,18146.75,0
490,2023-05-04 11:10:00+05:30,18146.5,18146.85,18144.15,18145.15,0
491,2023-05-04 11:11:00+05:30,18144.7,18146.6,18144.45,18146.15,0
492,2023-05-04 11:12:00+05:30,18146.1,18146.95,18144.7,18146.45,0
493,2023-05-04 11:13:00+05:30,18146.35,18150.25,18146.35,18149.95,0
494,2023-05-04 11:14:00+05:30,18149.25,18152.8,18148.55,18152.4,0
495,2023-05-04 11:15:00+05:30,18152.05,18154.45,18152.05,18152.9,0
496,2023-05-04 11:16:00+05:30,18153.0,18154.35,18151.6,18152.3,0
497,2023-05-04 11:17:00+05:30,18152.3,18153.5,18151.4,18151.7,0
498,2023-05-04 11:18:00+05:30,18151.8,18152.9,18151.05,18152.05,0
499,2023-05-04 11:19:00+05:30,18152.0,18153.0,18151.15,18151.45,0
500,2023-05-04 11:20:00+05:30,18151.2,18154.6,18151.15,18154.6,0
501,2023-05-04 11:21:00+05:30,18154.15,18155.1,18153.55,18154.9,0
502,2023-05-04 11:22:00+05:30,18155.3,18158.55,18155.3,18157.4,0
503,2023-05-04 11:23:00+05:30,18157.8,18158.35,18156.35,18157.4,0
504,2023-05-04 11:24:00+05:30,18157.25,18158.05,18152.95,18152.95,0
505,2023-05-04 11:25:00+05:30,18152.8,18153.35,18148.95,18149.65,0
506,2023-05-04 11:26:00+05:30,18149.0,18149.3,18146.85,18147.35,0
507,2023-05-04 11:27:00+05:30,18147.35,18147.5,18145.1,18145.25,0
508,2023-05-04 11:28:00+05:30,18145.2,18146.75,18145.05,18145.45,0
509,2023-05-04 11:29:00+05:30,18144.8,18148.1,18144.55,18148.1,0
510,2023-05-04 11:30:00+05:30,18147.05,18151.05,18147.05,18149.6,0
511,2023-05-04 11:31:00+05:30,18149.6,18152.5,18149.1,18151.6,0
512,2023-05-04 11:32:00+05:30,18151.65,18153.85,18151.4,18152.7,0
513,2023-05-04 11:33:00+05:30,18152.3,18155.2,18151.7,18155.2,0
514,2023-05-04 11:34:00+05:30,18154.65,18155.8,18153.35,18154.5,0
515,2023-05-04 11:35:00+05:30,18154.8,18157.95,18154.05,18156.9,0
516,2023-05-04 11:36:00+05:30,18156.35,18158.35,18155.3,18157.6,0
517,2023-05-04 11:37:00+05:30,18157.25,18158.7,18156.85,18157.2,0
518,2023-05-04 11:38:00+05:30,18157.7,18163.3,18157.55,18162.3,0
519,2023-05-04 11:39:00+05:30,18161.9,18166.25,18161.4,18165.05,0
520,2023-05-04 11:40:00+05:30,18165.2,18166.45,18163.85,18165.45,0
521,2023-05-04 11:41:00+05:30,18165.2,18167.05,18163.75,18164.3,0
522,2023-05-04 11:42:00+05:30,18164.9,18165.65,18162.55,18163.75,0
523,2023-05-04 11:43:00+05:30,18163.5,18166.3,18163.35,18163.7,0
524,2023-05-04 11:44:00+05:30,18163.25,18164.9,18161.95,18163.75,0
525,2023-05-04 11:45:00+05:30,18162.85,18164.5,18162.65,18163.6,0
526,2023-05-04 11:46:00+05:30,18163.4,18164.15,18158.45,18158.45,0
527,2023-05-04 11:47:00+05:30,18157.9,18159.4,18156.2,18156.85,0
528,2023-05-04 11:48:00+05:30,18156.85,18157.9,18153.3,18153.4,0
529,2023-05-04 11:49:00+05:30,18152.65,18156.7,18152.5,18156.15,0
530,2023-05-04 11:50:00+05:30,18155.95,18158.8,18155.35,18157.0,0
531,2023-05-04 11:51:00+05:30,18157.1,18160.75,18156.65,18159.65,0
532,2023-05-04 11:52:00+05:30,18159.85,18160.4,18157.25,18159.6,0
533,2023-05-04 11:53:00+05:30,18159.1,18160.95,18157.45,18157.45,0
534,2023-05-04 11:54:00+05:30,18156.8,18159.15,18154.95,18157.7,0
535,2023-05-04 11:55:00+05:30,18157.9,18157.95,18154.55,18156.6,0
536,2023-05-04 11:56:00+05:30,18156.45,18158.05,18155.4,18157.45,0
537,2023-05-04 11:57:00+05:30,18158.2,18162.55,18156.8,18161.85,0
538,2023-05-04 11:58:00+05:30,18161.85,18164.9,18159.9,18163.6,0
539,2023-05-04 11:59:00+05:30,18163.35,18167.05,18163.35,18166.0,0
540,2023-05-04 12:00:00+05:30,18166.0,18166.3,18162.8,18162.8,0
541,2023-05-04 12:01:00+05:30,18163.8,18165.5,18160.35,18163.8,0
542,2023-05-04 12:02:00+05:30,18164.5,18167.55,18163.05,18166.45,0
543,2023-05-04 12:03:00+05:30,18166.75,18167.7,18162.85,18164.3,0
544,2023-05-04 12:04:00+05:30,18164.25,18166.95,18161.7,18162.3,0
545,2023-05-04 12:05:00+05:30,18162.95,18163.6,18158.1,18159.95,0
546,2023-05-04 12:06:00+05:30,18159.6,18160.8,18156.4,18158.1,0
547,2023-05-04 12:07:00+05:30,18157.55,18159.2,18156.25,18158.35,0
548,2023-05-04 12:08:00+05:30,18158.85,18160.8,18158.6,18158.95,0
549,2023-05-04 12:09:00+05:30,18159.0,18159.75,18155.95,18157.6,0
550,2023-05-04 12:10:00+05:30,18157.0,18159.4,18155.7,18158.4,0
551,2023-05-04 12:11:00+05:30,18158.35,18159.9,18157.4,18157.7,0
552,2023-05-04 12:12:00+05:30,18157.45,18160.25,18154.55,18159.45,0
553,2023-05-04 12:13:00+05:30,18159.25,18160.5,18151.4,18154.7,0
554,2023-05-04 12:14:00+05:30,18154.8,18157.3,18152.05,18153.9,0
555,2023-05-04 12:15:00+05:30,18153.1,18156.4,18151.45,18154.6,0
556,2023-05-04 12:16:00+05:30,18154.6,18162.15,18154.6,18161.65,0
557,2023-05-04 12:17:00+05:30,18162.25,18163.15,18160.25,18163.15,0
558,2023-05-04 12:18:00+05:30,18162.15,18165.3,18161.45,18163.65,0
559,2023-05-04 12:19:00+05:30,18163.7,18169.65,18163.7,18168.85,0
560,2023-05-04 12:20:00+05:30,18168.7,18169.55,18165.95,18167.2,0
561,2023-05-04 12:21:00+05:30,18165.55,18167.7,18162.5,18166.8,0
562,2023-05-04 12:22:00+05:30,18166.2,18166.6,18163.15,18163.9,0
563,2023-05-04 12:23:00+05:30,18164.15,18167.55,18163.15,18167.1,0
564,2023-05-04 12:24:00+05:30,18166.75,18173.0,18166.75,18170.35,0
565,2023-05-04 12:25:00+05:30,18169.0,18170.8,18167.45,18169.95,0
566,2023-05-04 12:26:00+05:30,18169.95,18170.85,18164.9,18165.3,0
567,2023-05-04 12:27:00+05:30,18164.2,18168.7,18163.5,18164.9,0
568,2023-05-04 12:28:00+05:30,18164.45,18167.1,18163.0,18164.55,0
569,2023-05-04 12:29:00+05:30,18165.55,18167.5,18164.95,18166.3,0
570,2023-05-04 12:30:00+05:30,18165.85,18170.7,18165.85,18167.85,0
571,2023-05-04 12:31:00+05:30,18168.0,18170.2,18167.95,18168.75,0
572,2023-05-04 12:32:00+05:30,18168.95,18173.85,18168.55,18171.0,0
573,2023-05-04 12:33:00+05:30,18170.4,18171.85,18167.85,18168.45,0
574,2023-05-04 12:34:00+05:30,18169.0,18170.1,18165.55,18165.65,0
575,2023-05-04 12:35:00+05:30,18165.25,18166.55,18164.15,18164.5,0
576,2023-05-04 12:36:00+05:30,18164.35,18165.9,18162.45,18162.45,0
577,2023-05-04 12:37:00+05:30,18162.95,18164.85,18162.3,18163.25,0
578,2023-05-04 12:38:00+05:30,18163.0,18165.15,18162.5,18164.65,0
579,2023-05-04 12:39:00+05:30,18164.3,18167.3,18164.2,18166.35,0
580,2023-05-04 12:40:00+05:30,18166.05,18170.8,18166.05,18168.15,0
581,2023-05-04 12:41:00+05:30,18167.8,18173.4,18167.8,18172.7,0
582,2023-05-04 12:42:00+05:30,18172.3,18175.1,18170.75,18174.1,0
583,2023-05-04 12:43:00+05:30,18173.65,18175.35,18172.5,18173.5,0
584,2023-05-04 12:44:00+05:30,18173.25,18175.8,18172.5,18173.9,0
585,2023-05-04 12:45:00+05:30,18173.2,18177.8,18173.2,18175.85,0
586,2023-05-04 12:46:00+05:30,18175.9,18177.8,18174.25,18176.15,0
587,2023-05-04 12:47:00+05:30,18176.6,18178.7,18174.2,18176.1,0
588,2023-05-04 12:48:00+05:30,18175.55,18177.55,18174.75,18176.4,0
589,2023-05-04 12:49:00+05:30,18176.25,18176.85,18172.55,18174.15,0
590,2023-05-04 12:50:00+05:30,18173.2,18174.55,18170.6,18172.45,0
591,2023-05-04 12:51:00+05:30,18172.25,18173.95,18171.4,18171.75,0
592,2023-05-04 12:52:00+05:30,18171.25,18175.0,18168.75,18174.9,0
593,2023-05-04 12:53:00+05:30,18174.05,18176.4,18170.4,18170.4,0
594,2023-05-04 12:54:00+05:30,18169.65,18173.6,18166.9,18173.2,0
595,2023-05-04 12:55:00+05:30,18172.5,18175.7,18171.45,18171.45,0
596,2023-05-04 12:56:00+05:30,18170.7,18171.3,18166.3,18167.9,0
597,2023-05-04 12:57:00+05:30,18166.8,18168.65,18164.2,18164.4,0
598,2023-05-04 12:58:00+05:30,18164.95,18166.2,18162.65,18164.9,0
599,2023-05-04 12:59:00+05:30,18164.55,18169.45,18163.4,18166.9,0
600,2023-05-04 13:00:00+05:30,18167.4,18171.75,18164.05,18169.6,0
601,2023-05-04 13:01:00+05:30,18170.75,18173.0,18167.6,18169.2,0
602,2023-05-04 13:02:00+05:30,18169.05,18171.1,18166.55,18166.55,0
603,2023-05-04 13:03:00+05:30,18167.3,18167.75,18161.95,18166.75,0
604,2023-05-04 13:04:00+05:30,18167.05,18183.6,18167.05,18182.6,0
605,2023-05-04 13:05:00+05:30,18182.35,18190.45,18181.95,18185.05,0
606,2023-05-04 13:06:00+05:30,18185.5,18190.9,18185.25,18189.75,0
607,2023-05-04 13:07:00+05:30,18190.1,18192.35,18187.55,18187.55,0
608,2023-05-04 13:08:00+05:30,18187.7,18187.85,18177.9,18179.25,0
609,2023-05-04 13:09:00+05:30,18179.7,18179.7,18174.3,18176.45,0
610,2023-05-04 13:10:00+05:30,18176.45,18176.85,18173.25,18174.05,0
611,2023-05-04 13:11:00+05:30,18174.9,18174.9,18168.85,18171.35,0
612,2023-05-04 13:12:00+05:30,18171.15,18180.2,18170.55,18179.9,0
613,2023-05-04 13:13:00+05:30,18179.7,18179.85,18177.1,18177.6,0
614,2023-05-04 13:14:00+05:30,18179.75,18180.05,18174.7,18179.4,0
615,2023-05-04 13:15:00+05:30,18180.45,18183.95,18179.8,18179.8,0
616,2023-05-04 13:16:00+05:30,18179.8,18180.45,18174.6,18177.7,0
617,2023-05-04 13:17:00+05:30,18177.9,18179.5,18174.45,18176.65,0
618,2023-05-04 13:18:00+05:30,18176.9,18177.75,18172.8,18174.4,0
619,2023-05-04 13:19:00+05:30,18174.7,18181.2,18173.8,18177.8,0
620,2023-05-04 13:20:00+05:30,18178.65,18181.55,18176.4,18176.4,0
621,2023-05-04 13:21:00+05:30,18177.5,18177.5,18172.15,18172.75,0
622,2023-05-04 13:22:00+05:30,18173.55,18174.95,18172.2,18173.0,0
623,2023-05-04 13:23:00+05:30,18173.35,18173.8,18170.9,18171.85,0
624,2023-05-04 13:24:00+05:30,18172.25,18181.5,18171.3,18180.4,0
625,2023-05-04 13:25:00+05:30,18181.5,18182.4,18175.45,18181.3,0
626,2023-05-04 13:26:00+05:30,18182.05,18182.05,18178.7,18180.4,0
627,2023-05-04 13:27:00+05:30,18180.85,18185.1,18179.35,18184.5,0
628,2023-05-04 13:28:00+05:30,18184.95,18185.45,18183.45,18185.1,0
629,2023-05-04 13:29:00+05:30,18185.4,18185.65,18181.3,18181.9,0
630,2023-05-04 13:30:00+05:30,18182.15,18186.0,18181.35,18184.15,0
631,2023-05-04 13:31:00+05:30,18184.3,18188.3,18183.8,18186.3,0
632,2023-05-04 13:32:00+05:30,18186.95,18187.8,18184.3,18184.8,0
633,2023-05-04 13:33:00+05:30,18185.6,18187.45,18179.15,18179.15,0
634,2023-05-04 13:34:00+05:30,18179.25,18184.75,18177.15,18183.15,0
635,2023-05-04 13:35:00+05:30,18183.7,18183.95,18180.25,18180.5,0
636,2023-05-04 13:36:00+05:30,18181.0,18183.0,18179.75,18181.85,0
637,2023-05-04 13:37:00+05:30,18182.4,18184.9,18180.55,18182.2,0
638,2023-05-04 13:38:00+05:30,18182.4,18182.7,18175.85,18181.55,0
639,2023-05-04 13:39:00+05:30,18182.65,18185.6,18179.35,18185.6,0
640,2023-05-04 13:40:00+05:30,18185.95,18188.85,18183.0,18183.9,0
641,2023-05-04 13:41:00+05:30,18183.75,18184.25,18180.25,18180.55,0
642,2023-05-04 13:42:00+05:30,18181.25,18183.8,18180.1,18182.35,0
643,2023-05-04 13:43:00+05:30,18183.1,18185.9,18181.5,18184.9,0
644,2023-05-04 13:44:00+05:30,18184.85,18188.8,18184.85,18187.1,0
645,2023-05-04 13:45:00+05:30,18187.6,18194.5,18186.75,18191.85,0
646,2023-05-04 13:46:00+05:30,18191.05,18191.05,18185.9,18185.9,0
647,2023-05-04 13:47:00+05:30,18186.35,18186.8,18182.0,18182.1,0
648,2023-05-04 13:48:00+05:30,18182.55,18185.35,18180.7,18184.7,0
649,2023-05-04 13:49:00+05:30,18183.85,18186.4,18182.0,18182.35,0
650,2023-05-04 13:50:00+05:30,18182.1,18182.6,18176.3,18179.45,0
651,2023-05-04 13:51:00+05:30,18180.5,18186.9,18180.05,18186.7,0
652,2023-05-04 13:52:00+05:30,18186.1,18187.5,18181.6,18183.6,0
653,2023-05-04 13:53:00+05:30,18184.0,18185.45,18178.4,18178.4,0
654,2023-05-04 13:54:00+05:30,18179.25,18184.8,18178.6,18183.7,0
655,2023-05-04 13:55:00+05:30,18183.75,18192.75,18182.65,18189.8,0
656,2023-05-04 13:56:00+05:30,18189.4,18190.1,18186.2,18186.45,0
657,2023-05-04 13:57:00+05:30,18187.3,18187.8,18184.65,18186.0,0
658,2023-05-04 13:58:00+05:30,18187.15,18187.15,18182.4,18182.4,0
659,2023-05-04 13:59:00+05:30,18182.35,18184.8,18179.2,18179.95,0
660,2023-05-04 14:00:00+05:30,18181.3,18186.1,18179.5,18183.95,0
661,2023-05-04 14:01:00+05:30,18184.6,18184.7,18178.8,18178.8,0
662,2023-05-04 14:02:00+05:30,18179.0,18179.15,18175.55,18177.6,0
663,2023-05-04 14:03:00+05:30,18176.8,18178.2,18174.75,18177.15,0
664,2023-05-04 14:04:00+05:30,18178.3,18184.25,18174.95,18182.75,0
665,2023-05-04 14:05:00+05:30,18183.4,18186.45,18182.0,18185.15,0
666,2023-05-04 14:06:00+05:30,18185.45,18185.5,18178.7,18178.7,0
667,2023-05-04 14:07:00+05:30,18179.05,18187.3,18177.9,18186.25,0
668,2023-05-04 14:08:00+05:30,18186.75,18187.3,18179.6,18181.65,0
669,2023-05-04 14:09:00+05:30,18181.5,18182.25,18178.5,18180.85,0
670,2023-05-04 14:10:00+05:30,18181.7,18182.35,18178.95,18179.05,0
671,2023-05-04 14:11:00+05:30,18178.85,18178.9,18172.55,18173.35,0
672,2023-05-04 14:12:00+05:30,18173.95,18179.15,18173.95,18178.45,0
673,2023-05-04 14:13:00+05:30,18178.8,18182.3,18178.75,18181.75,0
674,2023-05-04 14:14:00+05:30,18181.8,18183.7,18180.4,18180.65,0
675,2023-05-04 14:15:00+05:30,18180.9,18183.1,18178.95,18181.9,0
676,2023-05-04 14:16:00+05:30,18182.1,18185.8,18179.35,18185.15,0
677,2023-05-04 14:17:00+05:30,18185.9,18188.6,18184.45,18185.5,0
678,2023-05-04 14:18:00+05:30,18185.6,18187.45,18182.6,18182.6,0
679,2023-05-04 14:19:00+05:30,18183.55,18189.95,18183.35,18188.65,0
680,2023-05-04 14:20:00+05:30,18189.0,18189.85,18183.25,18183.4,0
681,2023-05-04 14:21:00+05:30,18183.45,18184.5,18181.9,18182.95,0
682,2023-05-04 14:22:00+05:30,18182.45,18182.95,18179.95,18182.95,0
683,2023-05-04 14:23:00+05:30,18183.05,18189.9,18176.95,18188.2,0
684,2023-05-04 14:24:00+05:30,18188.8,18206.9,18187.55,18205.75,0
685,2023-05-04 14:25:00+05:30,18205.55,18207.75,18202.0,18203.0,0
686,2023-05-04 14:26:00+05:30,18203.4,18208.7,18202.55,18205.85,0
687,2023-05-04 14:27:00+05:30,18204.35,18206.8,18202.05,18205.8,0
688,2023-05-04 14:28:00+05:30,18205.15,18205.45,18197.7,18200.65,0
689,2023-05-04 14:29:00+05:30,18199.9,18203.15,18198.6,18198.6,0
690,2023-05-04 14:30:00+05:30,18199.0,18204.2,18198.95,18202.8,0
691,2023-05-04 14:31:00+05:30,18202.95,18206.25,18200.1,18203.35,0
692,2023-05-04 14:32:00+05:30,18204.2,18206.0,18201.7,18202.4,0
693,2023-05-04 14:33:00+05:30,18202.5,18206.4,18201.9,18203.35,0
694,2023-05-04 14:34:00+05:30,18203.05,18204.55,18200.55,18201.2,0
695,2023-05-04 14:35:00+05:30,18201.4,18208.8,18199.55,18208.8,0
696,2023-05-04 14:36:00+05:30,18208.35,18214.4,18207.95,18212.25,0
697,2023-05-04 14:37:00+05:30,18213.25,18214.95,18211.2,18214.0,0
698,2023-05-04 14:38:00+05:30,18213.65,18216.25,18212.75,18213.35,0
699,2023-05-04 14:39:00+05:30,18213.25,18218.15,18213.1,18217.25,0
700,2023-05-04 14:40:00+05:30,18217.1,18219.45,18216.65,18218.2,0
701,2023-05-04 14:41:00+05:30,18218.45,18221.1,18217.5,18218.55,0
702,2023-05-04 14:42:00+05:30,18218.2,18219.35,18214.85,18218.4,0
703,2023-05-04 14:43:00+05:30,18217.25,18219.6,18215.95,18218.35,0
704,2023-05-04 14:44:00+05:30,18217.75,18219.75,18213.35,18213.35,0
705,2023-05-04 14:45:00+05:30,18214.6,18215.65,18212.65,18214.85,0
706,2023-05-04 14:46:00+05:30,18215.15,18216.9,18213.1,18213.1,0
707,2023-05-04 14:47:00+05:30,18213.55,18217.8,18211.7,18216.85,0
708,2023-05-04 14:48:00+05:30,18217.35,18219.85,18215.85,18216.95,0
709,2023-05-04 14:49:00+05:30,18216.8,18221.6,18216.5,18221.6,0
710,2023-05-04 14:50:00+05:30,18221.2,18224.0,18220.6,18221.7,0
711,2023-05-04 14:51:00+05:30,18221.4,18224.6,18220.9,18224.05,0
712,2023-05-04 14:52:00+05:30,18224.35,18224.35,18221.1,18221.4,0
713,2023-05-04 14:53:00+05:30,18221.55,18222.4,18218.95,18221.3,0
714,2023-05-04 14:54:00+05:30,18221.3,18223.8,18221.1,18222.4,0
715,2023-05-04 14:55:00+05:30,18224.0,18225.65,18222.15,18222.7,0
716,2023-05-04 14:56:00+05:30,18222.6,18225.5,18221.5,18224.5,0
717,2023-05-04 14:57:00+05:30,18225.5,18225.7,18223.1,18224.55,0
718,2023-05-04 14:58:00+05:30,18225.15,18226.6,18223.7,18226.05,0
719,2023-05-04 14:59:00+05:30,18226.1,18228.9,18225.25,18228.85,0
720,2023-05-04 15:00:00+05:30,18229.05,18241.7,18228.8,18241.55,0
721,2023-05-04 15:01:00+05:30,18241.35,18245.75,18240.7,18245.35,0
722,2023-05-04 15:02:00+05:30,18245.05,18251.7,18245.05,18249.35,0
723,2023-05-04 15:03:00+05:30,18249.95,18250.55,18245.3,18248.3,0
724,2023-05-04 15:04:00+05:30,18249.55,18249.55,18246.5,18246.65,0
725,2023-05-04 15:05:00+05:30,18246.35,18246.55,18243.6,18245.7,0
726,2023-05-04 15:06:00+05:30,18246.1,18250.85,18245.6,18248.95,0
727,2023-05-04 15:07:00+05:30,18249.15,18252.0,18248.75,18249.15,0
728,2023-05-04 15:08:00+05:30,18248.7,18257.0,18248.7,18256.4,0
729,2023-05-04 15:09:00+05:30,18256.65,18263.25,18256.5,18263.2,0
730,2023-05-04 15:10:00+05:30,18262.8,18265.35,18262.05,18264.6,0
731,2023-05-04 15:11:00+05:30,18264.5,18267.1,18263.65,18264.05,0
732,2023-05-04 15:12:00+05:30,18264.35,18266.3,18259.95,18261.1,0
733,2023-05-04 15:13:00+05:30,18261.45,18265.05,18261.45,18263.25,0
734,2023-05-04 15:14:00+05:30,18263.25,18264.9,18261.2,18263.15,0
735,2023-05-04 15:15:00+05:30,18263.15,18264.2,18259.85,18261.2,0
736,2023-05-04 15:16:00+05:30,18261.2,18263.1,18257.5,18258.1,0
737,2023-05-04 15:17:00+05:30,18258.25,18260.45,18256.95,18258.85,0
738,2023-05-04 15:18:00+05:30,18257.85,18259.4,18255.25,18258.25,0
739,2023-05-04 15:19:00+05:30,18258.0,18264.05,18257.65,18262.05,0
740,2023-05-04 15:20:00+05:30,18262.95,18263.9,18253.45,18253.45,0
741,2023-05-04 15:21:00+05:30,18254.05,18256.8,18251.65,18254.7,0
742,2023-05-04 15:22:00+05:30,18253.3,18256.55,18253.3,18255.1,0
743,2023-05-04 15:23:00+05:30,18254.35,18256.3,18252.2,18252.65,0
744,2023-05-04 15:24:00+05:30,18252.05,18253.45,18248.7,18251.0,0
745,2023-05-04 15:25:00+05:30,18250.8,18252.25,18247.65,18250.2,0
746,2023-05-04 15:26:00+05:30,18251.6,18252.2,18247.9,18248.15,0
747,2023-05-04 15:27:00+05:30,18248.0,18251.1,18246.95,18249.95,0
748,2023-05-04 15:28:00+05:30,18250.45,18253.9,18244.1,18247.4,0
749,2023-05-04 15:29:00+05:30,18246.8,18246.8,18236.85,18238.6,0
750,2023-05-05 09:15:00+05:30,18117.3,18177.4,18117.3,18154.05,0
751,2023-05-05 09:16:00+05:30,18154.9,18159.15,18146.35,18149.95,0
752,2023-05-05 09:17:00+05:30,18150.25,18155.95,18146.1,18147.9,0
753,2023-05-05 09:18:00+05:30,18148.75,18154.75,18144.85,18153.35,0
754,2023-05-05 09:19:00+05:30,18154.85,18160.5,18153.35,18158.25,0
755,2023-05-05 09:20:00+05:30,18158.5,18168.9,18158.05,18168.7,0
756,2023-05-05 09:21:00+05:30,18168.95,18172.7,18164.25,18164.7,0
757,2023-05-05 09:22:00+05:30,18165.4,18172.6,18163.65,18166.45,0
758,2023-05-05 09:23:00+05:30,18164.05,18170.15,18159.5,18169.25,0
759,2023-05-05 09:24:00+05:30,18170.5,18171.9,18165.4,18166.3,0
760,2023-05-05 09:25:00+05:30,18166.8,18170.5,18156.75,18164.7,0
761,2023-05-05 09:26:00+05:30,18165.3,18167.2,18160.05,18163.7,0
762,2023-05-05 09:27:00+05:30,18164.0,18178.15,18157.6,18177.9,0
763,2023-05-05 09:28:00+05:30,18175.55,18181.2,18171.65,18172.8,0
764,2023-05-05 09:29:00+05:30,18171.3,18173.25,18165.9,18169.6,0
765,2023-05-05 09:30:00+05:30,18171.05,18177.4,18169.45,18171.75,0
766,2023-05-05 09:31:00+05:30,18172.1,18180.8,18171.35,18179.95,0
767,2023-05-05 09:32:00+05:30,18180.0,18183.2,18179.15,18179.4,0
768,2023-05-05 09:33:00+05:30,18179.45,18182.95,18176.45,18176.45,0
769,2023-05-05 09:34:00+05:30,18176.85,18182.5,18173.35,18182.5,0
770,2023-05-05 09:35:00+05:30,18181.95,18184.25,18180.95,18181.15,0
771,2023-05-05 09:36:00+05:30,18183.2,18186.15,18181.9,18184.55,0
772,2023-05-05 09:37:00+05:30,18185.95,18186.0,18178.4,18181.1,0
773,2023-05-05 09:38:00+05:30,18180.4,18180.85,18174.95,18176.25,0
774,2023-05-05 09:39:00+05:30,18177.15,18178.55,18174.55,18178.25,0
775,2023-05-05 09:40:00+05:30,18178.45,18185.05,18177.5,18181.9,0
776,2023-05-05 09:41:00+05:30,18181.45,18183.5,18176.35,18176.35,0
777,2023-05-05 09:42:00+05:30,18176.8,18182.15,18174.2,18175.85,0
778,2023-05-05 09:43:00+05:30,18175.95,18176.2,18170.6,18173.4,0
779,2023-05-05 09:44:00+05:30,18172.7,18177.8,18172.05,18177.25,0
780,2023-05-05 09:45:00+05:30,18176.6,18179.3,18175.0,18177.55,0
781,2023-05-05 09:46:00+05:30,18177.95,18181.9,18174.5,18181.3,0
782,2023-05-05 09:47:00+05:30,18181.0,18181.0,18178.15,18179.65,0
783,2023-05-05 09:48:00+05:30,18180.1,18180.1,18176.45,18177.65,0
784,2023-05-05 09:49:00+05:30,18177.95,18177.95,18172.55,18176.8,0
785,2023-05-05 09:50:00+05:30,18177.25,18183.9,18177.2,18183.15,0
786,2023-05-05 09:51:00+05:30,18183.3,18183.3,18179.45,18180.0,0
787,2023-05-05 09:52:00+05:30,18180.4,18181.8,18178.0,18181.8,0
788,2023-05-05 09:53:00+05:30,18182.15,18183.0,18175.3,18182.15,0
789,2023-05-05 09:54:00+05:30,18182.9,18182.9,18178.5,18179.15,0
790,2023-05-05 09:55:00+05:30,18179.05,18181.55,18178.5,18181.0,0
791,2023-05-05 09:56:00+05:30,18180.95,18186.1,18180.95,18185.9,0
792,2023-05-05 09:57:00+05:30,18186.25,18189.55,18184.95,18187.35,0
793,2023-05-05 09:58:00+05:30,18187.2,18187.2,18183.4,18185.4,0
794,2023-05-05 09:59:00+05:30,18184.8,18187.35,18183.9,18186.15,0
795,2023-05-05 10:00:00+05:30,18187.25,18191.9,18186.95,18191.9,0
796,2023-05-05 10:01:00+05:30,18191.6,18195.2,18190.8,18194.85,0
797,2023-05-05 10:02:00+05:30,18194.1,18195.3,18189.95,18190.35,0
798,2023-05-05 10:03:00+05:30,18189.85,18191.95,18189.6,18190.2,0
799,2023-05-05 10:04:00+05:30,18190.95,18192.75,18189.95,18191.65,0
800,2023-05-05 10:05:00+05:30,18191.85,18197.6,18190.6,18195.75,0
801,2023-05-05 10:06:00+05:30,18196.15,18197.55,18194.45,18197.15,0
802,2023-05-05 10:07:00+05:30,18197.45,18201.25,18197.4,18200.75,0
803,2023-05-05 10:08:00+05:30,18200.45,18204.95,18198.95,18203.75,0
804,2023-05-05 10:09:00+05:30,18203.9,18204.15,18199.75,18199.85,0
805,2023-05-05 10:10:00+05:30,18198.75,18199.7,18197.55,18197.95,0
806,2023-05-05 10:11:00+05:30,18198.2,18200.25,18197.25,18198.95,0
807,2023-05-05 10:12:00+05:30,18198.15,18202.1,18198.15,18201.2,0
808,2023-05-05 10:13:00+05:30,18201.95,18203.25,18201.05,18201.95,0
809,2023-05-05 10:14:00+05:30,18203.0,18203.9,18199.35,18199.85,0
810,2023-05-05 10:15:00+05:30,18199.4,18199.95,18191.75,18198.35,0
811,2023-05-05 10:16:00+05:30,18198.4,18201.6,18198.2,18200.6,0
812,2023-05-05 10:17:00+05:30,18200.45,18200.85,18196.15,18196.25,0
813,2023-05-05 10:18:00+05:30,18196.6,18196.6,18192.65,18192.7,0
814,2023-05-05 10:19:00+05:30,18193.35,18198.7,18192.65,18198.05,0
815,2023-05-05 10:20:00+05:30,18198.95,18204.9,18198.5,18203.6,0
816,2023-05-05 10:21:00+05:30,18203.35,18204.95,18202.55,18204.4,0
817,2023-05-05 10:22:00+05:30,18204.55,18209.0,18204.1,18207.8,0
818,2023-05-05 10:23:00+05:30,18208.0,18208.0,18202.1,18203.3,0
819,2023-05-05 10:24:00+05:30,18203.25,18206.75,18202.4,18204.2,0
820,2023-05-05 10:25:00+05:30,18203.65,18204.95,18201.4,18202.45,0
821,2023-05-05 10:26:00+05:30,18202.15,18205.45,18202.15,18202.55,0
822,2023-05-05 10:27:00+05:30,18202.35,18204.6,18202.15,18203.2,0
823,2023-05-05 10:28:00+05:30,18202.55,18205.2,18202.55,18203.55,0
824,2023-05-05 10:29:00+05:30,18203.75,18204.5,18201.85,18201.85,0
825,2023-05-05 10:30:00+05:30,18202.2,18208.15,18199.5,18207.7,0
826,2023-05-05 10:31:00+05:30,18207.7,18209.55,18207.1,18209.55,0
827,2023-05-05 10:32:00+05:30,18210.05,18212.35,18208.45,18210.25,0
828,2023-05-05 10:33:00+05:30,18209.8,18211.65,18203.85,18204.0,0
829,2023-05-05 10:34:00+05:30,18204.15,18204.15,18196.95,18198.35,0
830,2023-05-05 10:35:00+05:30,18198.35,18203.15,18197.65,18202.3,0
831,2023-05-05 10:36:00+05:30,18201.95,18202.1,18199.8,18201.3,0
832,2023-05-05 10:37:00+05:30,18201.6,18204.65,18201.2,18204.6,0
833,2023-05-05 10:38:00+05:30,18204.6,18208.6,18203.5,18208.05,0
834,2023-05-05 10:39:00+05:30,18207.5,18209.05,18205.45,18208.6,0
835,2023-05-05 10:40:00+05:30,18208.95,18210.65,18207.45,18207.45,0
836,2023-05-05 10:41:00+05:30,18206.9,18208.05,18205.15,18206.0,0
837,2023-05-05 10:42:00+05:30,18206.7,18208.7,18205.35,18207.2,0
838,2023-05-05 10:43:00+05:30,18206.65,18210.15,18206.65,18207.1,0
839,2023-05-05 10:44:00+05:30,18206.85,18214.95,18206.8,18212.5,0
840,2023-05-05 10:45:00+05:30,18212.9,18215.8,18211.7,18211.95,0
841,2023-05-05 10:46:00+05:30,18211.2,18211.45,18205.8,18208.95,0
842,2023-05-05 10:47:00+05:30,18209.9,18214.25,18209.9,18212.45,0
843,2023-05-05 10:48:00+05:30,18211.75,18211.8,18209.4,18209.7,0
844,2023-05-05 10:49:00+05:30,18210.25,18210.6,18207.05,18208.45,0
845,2023-05-05 10:50:00+05:30,18208.25,18208.4,18205.65,18207.05,0
846,2023-05-05 10:51:00+05:30,18206.5,18212.45,18206.05,18212.3,0
847,2023-05-05 10:52:00+05:30,18212.6,18216.95,18212.6,18213.05,0
848,2023-05-05 10:53:00+05:30,18213.35,18213.4,18211.05,18211.05,0
849,2023-05-05 10:54:00+05:30,18210.65,18213.05,18209.05,18212.85,0
850,2023-05-05 10:55:00+05:30,18212.65,18216.55,18212.5,18214.65,0
851,2023-05-05 10:56:00+05:30,18214.15,18214.9,18212.4,18212.8,0
852,2023-05-05 10:57:00+05:30,18213.15,18213.4,18211.05,18212.55,0
853,2023-05-05 10:58:00+05:30,18212.4,18212.45,18209.7,18210.95,0
854,2023-05-05 10:59:00+05:30,18210.55,18211.85,18210.2,18210.45,0
855,2023-05-05 11:00:00+05:30,18210.7,18211.15,18207.75,18208.35,0
856,2023-05-05 11:01:00+05:30,18207.35,18207.95,18199.8,18200.15,0
857,2023-05-05 11:02:00+05:30,18200.0,18200.0,18193.1,18194.35,0
858,2023-05-05 11:03:00+05:30,18194.6,18194.6,18185.4,18187.65,0
859,2023-05-05 11:04:00+05:30,18187.3,18190.1,18185.6,18186.85,0
860,2023-05-05 11:05:00+05:30,18186.05,18186.85,18184.45,18185.4,0
861,2023-05-05 11:06:00+05:30,18185.15,18186.8,18181.75,18181.75,0
862,2023-05-05 11:07:00+05:30,18181.6,18181.6,18166.8,18168.4,0
863,2023-05-05 11:08:00+05:30,18167.9,18167.9,18142.05,18164.15,0
864,2023-05-05 11:09:00+05:30,18163.1,18163.1,18145.85,18151.9,0
865,2023-05-05 11:10:00+05:30,18152.25,18157.3,18146.05,18157.3,0
866,2023-05-05 11:11:00+05:30,18157.9,18157.9,18148.35,18151.75,0
867,2023-05-05 11:12:00+05:30,18152.3,18152.95,18148.55,18148.55,0
868,2023-05-05 11:13:00+05:30,18149.15,18158.4,18148.25,18157.95,0
869,2023-05-05 11:14:00+05:30,18158.15,18165.55,18156.3,18160.7,0
870,2023-05-05 11:15:00+05:30,18157.75,18158.35,18148.45,18148.65,0
871,2023-05-05 11:16:00+05:30,18148.65,18148.65,18130.2,18130.2,0
872,2023-05-05 11:17:00+05:30,18130.45,18130.45,18118.65,18118.65,0
873,2023-05-05 11:18:00+05:30,18118.25,18124.85,18113.2,18119.7,0
874,2023-05-05 11:19:00+05:30,18120.25,18130.35,18120.25,18129.65,0
875,2023-05-05 11:20:00+05:30,18129.45,18129.45,18117.55,18119.4,0
876,2023-05-05 11:21:00+05:30,18119.4,18121.8,18114.95,18119.6,0
877,2023-05-05 11:22:00+05:30,18120.65,18124.85,18117.6,18124.5,0
878,2023-05-05 11:23:00+05:30,18124.8,18124.85,18118.2,18119.0,0
879,2023-05-05 11:24:00+05:30,18119.0,18127.4,18117.1,18127.4,0
880,2023-05-05 11:25:00+05:30,18126.3,18135.45,18125.8,18132.65,0
881,2023-05-05 11:26:00+05:30,18132.55,18133.05,18124.8,18127.1,0
882,2023-05-05 11:27:00+05:30,18128.3,18128.7,18123.2,18128.7,0
883,2023-05-05 11:28:00+05:30,18128.45,18138.85,18126.8,18138.85,0
884,2023-05-05 11:29:00+05:30,18138.6,18138.6,18132.05,18132.7,0
885,2023-05-05 11:30:00+05:30,18132.1,18138.35,18131.4,18137.6,0
886,2023-05-05 11:31:00+05:30,18137.95,18137.95,18134.0,18134.4,0
887,2023-05-05 11:32:00+05:30,18134.1,18141.35,18133.25,18140.0,0
888,2023-05-05 11:33:00+05:30,18139.6,18140.2,18134.85,18135.65,0
889,2023-05-05 11:34:00+05:30,18135.7,18139.3,18134.95,18138.7,0
890,2023-05-05 11:35:00+05:30,18138.7,18141.9,18138.2,18139.4,0
891,2023-05-05 11:36:00+05:30,18140.15,18141.3,18135.8,18141.2,0
892,2023-05-05 11:37:00+05:30,18141.5,18147.0,18141.05,18147.0,0
893,2023-05-05 11:38:00+05:30,18145.75,18147.0,18143.65,18144.65,0
894,2023-05-05 11:39:00+05:30,18144.05,18145.85,18140.75,18144.55,0
895,2023-05-05 11:40:00+05:30,18145.4,18148.25,18138.85,18139.55,0
896,2023-05-05 11:41:00+05:30,18138.75,18140.55,18133.95,18133.95,0
897,2023-05-05 11:42:00+05:30,18134.3,18143.15,18133.55,18142.75,0
898,2023-05-05 11:43:00+05:30,18142.65,18145.1,18139.9,18143.1,0
899,2023-05-05 11:44:00+05:30,18142.9,18143.7,18140.05,18140.8,0
900,2023-05-05 11:45:00+05:30,18141.45,18141.45,18133.6,18133.75,0
901,2023-05-05 11:46:00+05:30,18133.25,18133.25,18118.4,18121.4,0
902,2023-05-05 11:47:00+05:30,18121.35,18128.25,18120.05,18125.8,0
903,2023-05-05 11:48:00+05:30,18125.95,18125.95,18119.75,18120.65,0
904,2023-05-05 11:49:00+05:30,18120.1,18120.4,18114.8,18115.9,0
905,2023-05-05 11:50:00+05:30,18115.9,18118.05,18106.05,18107.25,0
906,2023-05-05 11:51:00+05:30,18107.0,18107.0,18098.85,18100.75,0
907,2023-05-05 11:52:00+05:30,18098.85,18105.5,18098.85,18101.5,0
908,2023-05-05 11:53:00+05:30,18102.25,18110.05,18100.8,18110.0,0
909,2023-05-05 11:54:00+05:30,18109.85,18109.95,18104.8,18108.35,0
910,2023-05-05 11:55:00+05:30,18108.25,18112.85,18106.95,18112.75,0
911,2023-05-05 11:56:00+05:30,18112.7,18113.75,18105.65,18106.2,0
912,2023-05-05 11:57:00+05:30,18106.7,18108.1,18105.05,18106.7,0
913,2023-05-05 11:58:00+05:30,18105.6,18107.6,18105.4,18106.45,0
914,2023-05-05 11:59:00+05:30,18106.5,18106.5,18099.35,18099.35,0
915,2023-05-05 12:00:00+05:30,18098.6,18101.95,18090.65,18090.65,0
916,2023-05-05 12:01:00+05:30,18088.35,18092.1,18085.45,18085.45,0
917,2023-05-05 12:02:00+05:30,18086.1,18092.45,18086.1,18090.7,0
918,2023-05-05 12:03:00+05:30,18091.25,18091.25,18086.8,18089.7,0
919,2023-05-05 12:04:00+05:30,18089.55,18096.05,18089.05,18096.05,0
920,2023-05-05 12:05:00+05:30,18095.65,18104.2,18094.0,18104.2,0
921,2023-05-05 12:06:00+05:30,18104.1,18110.05,18103.5,18107.1,0
922,2023-05-05 12:07:00+05:30,18106.7,18115.1,18105.8,18115.1,0
923,2023-05-05 12:08:00+05:30,18116.2,18116.2,18106.15,18107.15,0
924,2023-05-05 12:09:00+05:30,18107.05,18109.8,18102.25,18109.8,0
925,2023-05-05 12:10:00+05:30,18111.05,18111.05,18104.25,18108.35,0
926,2023-05-05 12:11:00+05:30,18107.1,18115.05,18106.0,18114.6,0
927,2023-05-05 12:12:00+05:30,18114.05,18125.3,18113.2,18124.1,0
928,2023-05-05 12:13:00+05:30,18123.45,18134.45,18123.45,18131.7,0
929,2023-05-05 12:14:00+05:30,18131.85,18137.1,18128.2,18137.1,0
930,2023-05-05 12:15:00+05:30,18137.1,18137.1,18129.6,18131.35,0
931,2023-05-05 12:16:00+05:30,18132.6,18132.95,18129.3,18129.3,0
932,2023-05-05 12:17:00+05:30,18132.8,18132.8,18126.95,18129.65,0
933,2023-05-05 12:18:00+05:30,18129.95,18153.15,18129.15,18152.0,0
934,2023-05-05 12:19:00+05:30,18153.1,18153.8,18145.55,18147.9,0
935,2023-05-05 12:20:00+05:30,18147.45,18147.45,18137.5,18138.5,0
936,2023-05-05 12:21:00+05:30,18138.8,18152.05,18138.8,18152.05,0
937,2023-05-05 12:22:00+05:30,18152.55,18153.5,18146.25,18147.25,0
938,2023-05-05 12:23:00+05:30,18146.9,18148.4,18142.85,18147.4,0
939,2023-05-05 12:24:00+05:30,18146.4,18147.8,18144.6,18145.2,0
940,2023-05-05 12:25:00+05:30,18145.5,18145.5,18135.4,18139.3,0
941,2023-05-05 12:26:00+05:30,18138.85,18139.5,18135.15,18136.55,0
942,2023-05-05 12:27:00+05:30,18136.75,18143.65,18135.95,18139.45,0
943,2023-05-05 12:28:00+05:30,18139.05,18144.3,18139.05,18141.6,0
944,2023-05-05 12:29:00+05:30,18141.55,18150.25,18139.95,18149.35,0
945,2023-05-05 12:30:00+05:30,18149.4,18152.2,18145.35,18148.35,0
946,2023-05-05 12:31:00+05:30,18148.8,18152.55,18146.95,18152.55,0
947,2023-05-05 12:32:00+05:30,18152.5,18153.55,18146.55,18146.55,0
948,2023-05-05 12:33:00+05:30,18147.2,18147.2,18139.6,18141.9,0
949,2023-05-05 12:34:00+05:30,18142.35,18149.2,18141.65,18147.7,0
950,2023-05-05 12:35:00+05:30,18148.1,18149.8,18144.6,18148.25,0
951,2023-05-05 12:36:00+05:30,18147.9,18149.75,18146.1,18147.75,0
952,2023-05-05 12:37:00+05:30,18147.65,18147.65,18144.05,18144.5,0
953,2023-05-05 12:38:00+05:30,18144.8,18145.8,18142.4,18142.9,0
954,2023-05-05 12:39:00+05:30,18143.55,18146.3,18141.25,18141.6,0
955,2023-05-05 12:40:00+05:30,18141.05,18141.6,18134.5,18137.5,0
956,2023-05-05 12:41:00+05:30,18137.9,18147.1,18137.8,18146.5,0
957,2023-05-05 12:42:00+05:30,18146.35,18150.8,18146.1,18150.8,0
958,2023-05-05 12:43:00+05:30,18150.9,18150.9,18148.05,18148.8,0
959,2023-05-05 12:44:00+05:30,18148.9,18148.9,18145.85,18147.35,0
960,2023-05-05 12:45:00+05:30,18147.15,18156.95,18146.6,18155.4,0
961,2023-05-05 12:46:00+05:30,18155.4,18155.4,18141.85,18143.1,0
962,2023-05-05 12:47:00+05:30,18143.4,18147.05,18141.1,18145.45,0
963,2023-05-05 12:48:00+05:30,18145.65,18157.35,18144.7,18156.7,0
964,2023-05-05 12:49:00+05:30,18157.25,18157.25,18150.25,18152.9,0
965,2023-05-05 12:50:00+05:30,18152.9,18156.4,18148.85,18155.55,0
966,2023-05-05 12:51:00+05:30,18156.35,18157.9,18147.45,18148.9,0
967,2023-05-05 12:52:00+05:30,18148.45,18150.35,18145.05,18150.35,0
968,2023-05-05 12:53:00+05:30,18149.05,18157.3,18147.45,18157.3,0
969,2023-05-05 12:54:00+05:30,18157.5,18162.25,18156.55,18160.4,0
970,2023-05-05 12:55:00+05:30,18160.9,18168.4,18159.95,18167.35,0
971,2023-05-05 12:56:00+05:30,18167.55,18167.7,18165.25,18167.25,0
972,2023-05-05 12:57:00+05:30,18167.0,18167.0,18155.75,18157.15,0
973,2023-05-05 12:58:00+05:30,18157.1,18157.6,18152.7,18154.95,0
974,2023-05-05 12:59:00+05:30,18154.25,18162.15,18152.5,18160.4,0
975,2023-05-05 13:00:00+05:30,18161.65,18162.4,18156.8,18158.0,0
976,2023-05-05 13:01:00+05:30,18158.95,18161.6,18158.45,18160.1,0
977,2023-05-05 13:02:00+05:30,18160.8,18160.85,18157.55,18159.95,0
978,2023-05-05 13:03:00+05:30,18160.05,18160.5,18143.0,18143.0,0
979,2023-05-05 13:04:00+05:30,18142.9,18145.95,18130.0,18130.45,0
980,2023-05-05 13:05:00+05:30,18130.8,18144.75,18129.85,18144.75,0
981,2023-05-05 13:06:00+05:30,18144.9,18153.8,18142.0,18151.5,0
982,2023-05-05 13:07:00+05:30,18150.65,18151.0,18142.15,18143.45,0
983,2023-05-05 13:08:00+05:30,18144.35,18145.15,18141.15,18142.65,0
984,2023-05-05 13:09:00+05:30,18143.1,18146.45,18141.45,18145.45,0
985,2023-05-05 13:10:00+05:30,18145.9,18147.2,18143.15,18147.2,0
986,2023-05-05 13:11:00+05:30,18147.95,18148.8,18145.85,18148.3,0
987,2023-05-05 13:12:00+05:30,18148.05,18150.5,18146.25,18150.05,0
988,2023-05-05 13:13:00+05:30,18150.2,18151.0,18147.5,18151.0,0
989,2023-05-05 13:14:00+05:30,18151.5,18153.85,18147.95,18153.7,0
990,2023-05-05 13:15:00+05:30,18154.05,18155.0,18152.7,18153.85,0
991,2023-05-05 13:16:00+05:30,18153.65,18154.45,18150.35,18150.55,0
992,2023-05-05 13:17:00+05:30,18150.0,18151.05,18143.75,18145.25,0
993,2023-05-05 13:18:00+05:30,18145.6,18146.0,18143.4,18144.95,0
994,2023-05-05 13:19:00+05:30,18145.5,18145.5,18138.95,18142.95,0
995,2023-05-05 13:20:00+05:30,18143.35,18147.5,18142.1,18147.5,0
996,2023-05-05 13:21:00+05:30,18148.25,18148.95,18146.5,18148.45,0
997,2023-05-05 13:22:00+05:30,18148.8,18150.7,18147.55,18147.6,0
998,2023-05-05 13:23:00+05:30,18147.1,18156.35,18147.1,18153.3,0
999,2023-05-05 13:24:00+05:30,18152.75,18155.15,18149.1,18149.1,0
1000,2023-05-05 13:25:00+05:30,18148.8,18152.05,18147.35,18147.7,0
1001,2023-05-05 13:26:00+05:30,18148.55,18149.05,18145.7,18146.75,0
1002,2023-05-05 13:27:00+05:30,18146.55,18146.7,18143.25,18145.85,0
1003,2023-05-05 13:28:00+05:30,18145.75,18146.6,18142.05,18143.95,0
1004,2023-05-05 13:29:00+05:30,18143.65,18145.35,18143.25,18145.2,0
1005,2023-05-05 13:30:00+05:30,18144.6,18145.35,18139.75,18144.45,0
1006,2023-05-05 13:31:00+05:30,18145.25,18160.75,18145.15,18158.45,0
1007,2023-05-05 13:32:00+05:30,18157.95,18158.15,18150.35,18150.35,0
1008,2023-05-05 13:33:00+05:30,18150.1,18150.1,18139.3,18139.35,0
1009,2023-05-05 13:34:00+05:30,18139.25,18142.5,18139.05,18139.25,0
1010,2023-05-05 13:35:00+05:30,18140.05,18140.05,18132.4,18134.55,0
1011,2023-05-05 13:36:00+05:30,18135.1,18137.0,18126.4,18127.75,0
1012,2023-05-05 13:37:00+05:30,18128.9,18142.9,18126.35,18142.5,0
1013,2023-05-05 13:38:00+05:30,18142.9,18144.5,18140.5,18143.85,0
1014,2023-05-05 13:39:00+05:30,18144.3,18149.15,18141.5,18147.25,0
1015,2023-05-05 13:40:00+05:30,18147.9,18147.9,18144.8,18147.0,0
1016,2023-05-05 13:41:00+05:30,18147.0,18147.6,18140.5,18142.65,0
1017,2023-05-05 13:42:00+05:30,18142.5,18142.5,18137.3,18137.9,0
1018,2023-05-05 13:43:00+05:30,18137.55,18138.2,18131.1,18138.1,0
1019,2023-05-05 13:44:00+05:30,18138.9,18142.95,18138.05,18139.95,0
1020,2023-05-05 13:45:00+05:30,18140.45,18140.45,18134.6,18136.75,0
1021,2023-05-05 13:46:00+05:30,18136.55,18136.55,18126.55,18130.8,0
1022,2023-05-05 13:47:00+05:30,18130.6,18133.4,18128.6,18133.15,0
1023,2023-05-05 13:48:00+05:30,18134.4,18136.55,18127.15,18127.85,0
1024,2023-05-05 13:49:00+05:30,18128.25,18128.25,18118.55,18120.65,0
1025,2023-05-05 13:50:00+05:30,18120.15,18122.8,18111.0,18111.0,0
1026,2023-05-05 13:51:00+05:30,18110.7,18111.35,18106.45,18110.3,0
1027,2023-05-05 13:52:00+05:30,18110.25,18117.3,18109.05,18109.05,0
1028,2023-05-05 13:53:00+05:30,18109.7,18109.95,18102.95,18109.95,0
1029,2023-05-05 13:54:00+05:30,18109.5,18113.1,18105.6,18111.7,0
1030,2023-05-05 13:55:00+05:30,18112.75,18121.7,18112.35,18119.0,0
1031,2023-05-05 13:56:00+05:30,18118.9,18122.3,18115.5,18115.5,0
1032,2023-05-05 13:57:00+05:30,18115.55,18124.4,18112.1,18124.35,0
1033,2023-05-05 13:58:00+05:30,18124.95,18124.95,18114.2,18114.8,0
1034,2023-05-05 13:59:00+05:30,18114.65,18119.1,18114.45,18118.25,0
1035,2023-05-05 14:00:00+05:30,18118.45,18126.8,18118.45,18123.75,0
1036,2023-05-05 14:01:00+05:30,18123.4,18138.4,18122.4,18130.45,0
1037,2023-05-05 14:02:00+05:30,18129.95,18131.85,18127.15,18129.15,0
1038,2023-05-05 14:03:00+05:30,18129.4,18129.45,18121.5,18127.15,0
1039,2023-05-05 14:04:00+05:30,18127.1,18128.4,18123.2,18123.8,0
1040,2023-05-05 14:05:00+05:30,18123.85,18126.05,18115.75,18126.05,0
1041,2023-05-05 14:06:00+05:30,18125.7,18133.25,18125.25,18131.45,0
1042,2023-05-05 14:07:00+05:30,18131.45,18134.95,18130.1,18133.7,0
1043,2023-05-05 14:08:00+05:30,18133.25,18139.6,18129.55,18135.05,0
1044,2023-05-05 14:09:00+05:30,18135.0,18136.1,18127.8,18129.4,0
1045,2023-05-05 14:10:00+05:30,18130.3,18134.9,18130.0,18131.9,0
1046,2023-05-05 14:11:00+05:30,18132.05,18134.5,18127.5,18127.5,0
1047,2023-05-05 14:12:00+05:30,18127.05,18133.1,18126.2,18132.65,0
1048,2023-05-05 14:13:00+05:30,18133.65,18141.7,18133.55,18140.2,0
1049,2023-05-05 14:14:00+05:30,18140.25,18143.7,18138.2,18140.75,0
1050,2023-05-05 14:15:00+05:30,18140.75,18146.6,18140.75,18143.7,0
1051,2023-05-05 14:16:00+05:30,18144.55,18145.7,18133.95,18140.65,0
1052,2023-05-05 14:17:00+05:30,18140.25,18145.25,18138.15,18143.6,0
1053,2023-05-05 14:18:00+05:30,18143.55,18144.7,18141.15,18141.3,0
1054,2023-05-05 14:19:00+05:30,18140.95,18141.15,18131.8,18131.8,0
1055,2023-05-05 14:20:00+05:30,18132.0,18140.3,18131.7,18140.3,0
1056,2023-05-05 14:21:00+05:30,18139.7,18144.45,18137.45,18138.4,0
1057,2023-05-05 14:22:00+05:30,18139.85,18141.15,18136.0,18136.75,0
1058,2023-05-05 14:23:00+05:30,18137.15,18140.5,18136.05,18138.3,0
1059,2023-05-05 14:24:00+05:30,18137.75,18140.05,18134.9,18135.9,0
1060,2023-05-05 14:25:00+05:30,18135.8,18137.15,18133.4,18133.65,0
1061,2023-05-05 14:26:00+05:30,18133.65,18135.15,18129.3,18129.3,0
1062,2023-05-05 14:27:00+05:30,18129.15,18129.15,18113.15,18115.4,0
1063,2023-05-05 14:28:00+05:30,18116.2,18124.55,18115.8,18120.65,0
1064,2023-05-05 14:29:00+05:30,18120.1,18120.1,18114.2,18115.5,0
1065,2023-05-05 14:30:00+05:30,18114.85,18116.4,18110.45,18116.15,0
1066,2023-05-05 14:31:00+05:30,18114.9,18118.6,18113.1,18113.4,0
1067,2023-05-05 14:32:00+05:30,18113.45,18114.85,18107.3,18107.35,0
1068,2023-05-05 14:33:00+05:30,18106.6,18113.1,18104.85,18112.75,0
1069,2023-05-05 14:34:00+05:30,18112.5,18117.0,18111.35,18116.3,0
1070,2023-05-05 14:35:00+05:30,18116.05,18116.3,18110.4,18112.0,0
1071,2023-05-05 14:36:00+05:30,18110.9,18114.4,18109.75,18111.25,0
1072,2023-05-05 14:37:00+05:30,18110.95,18111.25,18109.3,18110.8,0
1073,2023-05-05 14:38:00+05:30,18112.0,18120.2,18110.3,18119.75,0
1074,2023-05-05 14:39:00+05:30,18119.55,18119.55,18111.75,18114.15,0
1075,2023-05-05 14:40:00+05:30,18113.85,18122.35,18113.65,18122.35,0
1076,2023-05-05 14:41:00+05:30,18122.85,18124.2,18120.9,18122.4,0
1077,2023-05-05 14:42:00+05:30,18122.45,18123.8,18120.3,18123.3,0
1078,2023-05-05 14:43:00+05:30,18123.15,18123.25,18116.2,18117.45,0
1079,2023-05-05 14:44:00+05:30,18117.65,18122.05,18117.05,18121.45,0
1080,2023-05-05 14:45:00+05:30,18121.1,18124.25,18119.3,18120.55,0
1081,2023-05-05 14:46:00+05:30,18120.4,18120.9,18108.0,18110.3,0
1082,2023-05-05 14:47:00+05:30,18108.7,18113.6,18108.7,18113.05,0
1083,2023-05-05 14:48:00+05:30,18111.55,18114.15,18108.8,18109.8,0
1084,2023-05-05 14:49:00+05:30,18109.5,18115.7,18107.9,18115.45,0
1085,2023-05-05 14:50:00+05:30,18116.05,18117.2,18105.35,18105.95,0
1086,2023-05-05 14:51:00+05:30,18105.8,18105.8,18089.35,18090.3,0
1087,2023-05-05 14:52:00+05:30,18089.6,18105.05,18087.8,18105.05,0
1088,2023-05-05 14:53:00+05:30,18104.45,18108.05,18099.7,18108.05,0
1089,2023-05-05 14:54:00+05:30,18108.15,18108.55,18101.35,18103.15,0
1090,2023-05-05 14:55:00+05:30,18103.75,18103.85,18098.1,18098.25,0
1091,2023-05-05 14:56:00+05:30,18097.25,18106.4,18096.05,18105.0,0
1092,2023-05-05 14:57:00+05:30,18104.7,18105.55,18102.9,18105.2,0
1093,2023-05-05 14:58:00+05:30,18103.9,18104.85,18095.3,18096.25,0
1094,2023-05-05 14:59:00+05:30,18096.0,18097.95,18086.7,18090.75,0
1095,2023-05-05 15:00:00+05:30,18091.4,18092.25,18076.65,18086.8,0
1096,2023-05-05 15:01:00+05:30,18086.9,18089.9,18084.0,18086.85,0
1097,2023-05-05 15:02:00+05:30,18087.8,18087.9,18074.4,18076.55,0
1098,2023-05-05 15:03:00+05:30,18077.65,18083.4,18072.45,18072.8,0
1099,2023-05-05 15:04:00+05:30,18072.0,18075.3,18064.25,18064.3,0
1100,2023-05-05 15:05:00+05:30,18064.4,18069.45,18062.95,18066.6,0
1101,2023-05-05 15:06:00+05:30,18066.9,18068.85,18061.8,18066.5,0
1102,2023-05-05 15:07:00+05:30,18066.95,18074.25,18065.8,18074.25,0
1103,2023-05-05 15:08:00+05:30,18074.4,18074.4,18061.3,18064.4,0
1104,2023-05-05 15:09:00+05:30,18063.65,18078.6,18063.6,18077.35,0
1105,2023-05-05 15:10:00+05:30,18077.2,18080.9,18074.3,18080.9,0
1106,2023-05-05 15:11:00+05:30,18080.05,18085.65,18080.05,18085.65,0
1107,2023-05-05 15:12:00+05:30,18085.95,18087.15,18082.5,18083.75,0
1108,2023-05-05 15:13:00+05:30,18083.85,18084.05,18067.45,18067.45,0
1109,2023-05-05 15:14:00+05:30,18068.5,18075.0,18068.05,18071.95,0
1110,2023-05-05 15:15:00+05:30,18071.0,18079.25,18070.7,18072.35,0
1111,2023-05-05 15:16:00+05:30,18072.85,18074.2,18070.65,18072.05,0
1112,2023-05-05 15:17:00+05:30,18073.25,18075.75,18071.45,18071.75,0
1113,2023-05-05 15:18:00+05:30,18072.4,18073.1,18065.4,18070.2,0
1114,2023-05-05 15:19:00+05:30,18071.1,18071.9,18067.55,18067.55,0
1115,2023-05-05 15:20:00+05:30,18067.7,18067.7,18055.7,18059.3,0
1116,2023-05-05 15:21:00+05:30,18060.35,18061.65,18056.05,18057.2,0
1117,2023-05-05 15:22:00+05:30,18057.55,18060.15,18056.1,18060.15,0
1118,2023-05-05 15:23:00+05:30,18061.3,18063.0,18059.6,18062.2,0
1119,2023-05-05 15:24:00+05:30,18062.65,18068.2,18060.9,18066.35,0
1120,2023-05-05 15:25:00+05:30,18065.4,18067.05,18064.25,18066.15,0
1121,2023-05-05 15:26:00+05:30,18066.25,18070.4,18066.15,18068.15,0
1122,2023-05-05 15:27:00+05:30,18067.85,18069.6,18064.75,18067.75,0
1123,2023-05-05 15:28:00+05:30,18066.95,18072.1,18066.0,18069.4,0
1124,2023-05-05 15:29:00+05:30,18069.8,18072.85,18066.9,18069.95,0
1125,2023-05-08 09:15:00+05:30,18120.6,18137.65,18102.4,18137.65,0
1126,2023-05-08 09:16:00+05:30,18135.6,18153.95,18134.55,18149.7,0
1127,2023-05-08 09:17:00+05:30,18148.7,18157.7,18142.9,18153.15,0
1128,2023-05-08 09:18:00+05:30,18152.3,18160.25,18143.95,18159.95,0
1129,2023-05-08 09:19:00+05:30,18159.05,18161.25,18151.75,18159.4,0
1130,2023-05-08 09:20:00+05:30,18159.4,18175.3,18159.4,18171.1,0
1131,2023-05-08 09:21:00+05:30,18170.4,18173.65,18163.35,18171.0,0
1132,2023-05-08 09:22:00+05:30,18170.0,18174.35,18168.35,18171.95,0
1133,2023-05-08 09:23:00+05:30,18171.95,18176.0,18167.15,18170.85,0
1134,2023-05-08 09:24:00+05:30,18170.65,18177.9,18167.95,18177.05,0
1135,2023-05-08 09:25:00+05:30,18178.15,18186.55,18177.05,18186.55,0
1136,2023-05-08 09:26:00+05:30,18188.35,18192.1,18176.7,18177.7,0
1137,2023-05-08 09:27:00+05:30,18178.65,18178.65,18173.95,18175.2,0
1138,2023-05-08 09:28:00+05:30,18175.0,18176.9,18169.95,18170.1,0
1139,2023-05-08 09:29:00+05:30,18171.8,18178.45,18171.05,18178.45,0
1140,2023-05-08 09:30:00+05:30,18177.9,18187.15,18176.85,18178.7,0
1141,2023-05-08 09:31:00+05:30,18177.9,18186.6,18177.9,18186.05,0
1142,2023-05-08 09:32:00+05:30,18185.7,18191.2,18183.05,18188.25,0
1143,2023-05-08 09:33:00+05:30,18188.3,18191.9,18183.55,18185.2,0
1144,2023-05-08 09:34:00+05:30,18184.1,18189.5,18184.1,18188.9,0
1145,2023-05-08 09:35:00+05:30,18187.2,18195.85,18184.65,18192.0,0
1146,2023-05-08 09:36:00+05:30,18191.45,18191.6,18182.1,18184.65,0
1147,2023-05-08 09:37:00+05:30,18184.6,18192.6,18184.15,18189.4,0
1148,2023-05-08 09:38:00+05:30,18189.6,18190.25,18185.25,18187.45,0
1149,2023-05-08 09:39:00+05:30,18188.15,18188.75,18184.25,18185.35,0
1150,2023-05-08 09:40:00+05:30,18185.35,18187.1,18182.65,18186.1,0
1151,2023-05-08 09:41:00+05:30,18185.85,18186.6,18182.4,18184.05,0
1152,2023-05-08 09:42:00+05:30,18182.3,18182.9,18177.9,18182.5,0
1153,2023-05-08 09:43:00+05:30,18182.75,18194.45,18182.75,18194.45,0
1154,2023-05-08 09:44:00+05:30,18195.25,18196.25,18189.7,18191.85,0
1155,2023-05-08 09:45:00+05:30,18192.25,18199.0,18191.65,18195.85,0
1156,2023-05-08 09:46:00+05:30,18196.8,18198.8,18195.9,18197.7,0
1157,2023-05-08 09:47:00+05:30,18197.65,18204.5,18197.35,18199.95,0
1158,2023-05-08 09:48:00+05:30,18200.85,18204.1,18200.5,18202.45,0
1159,2023-05-08 09:49:00+05:30,18202.95,18209.9,18201.95,18208.0,0
1160,2023-05-08 09:50:00+05:30,18208.65,18218.2,18208.65,18211.65,0
1161,2023-05-08 09:51:00+05:30,18211.15,18215.25,18209.15,18214.15,0
1162,2023-05-08 09:52:00+05:30,18214.75,18214.75,18209.45,18210.85,0
1163,2023-05-08 09:53:00+05:30,18211.05,18212.1,18201.65,18202.25,0
1164,2023-05-08 09:54:00+05:30,18203.8,18206.95,18202.05,18204.0,0
1165,2023-05-08 09:55:00+05:30,18204.2,18209.55,18204.2,18205.65,0
1166,2023-05-08 09:56:00+05:30,18205.3,18208.6,18205.3,18207.7,0
1167,2023-05-08 09:57:00+05:30,18207.1,18211.6,18206.3,18211.25,0
1168,2023-05-08 09:58:00+05:30,18210.2,18212.8,18209.85,18210.65,0
1169,2023-05-08 09:59:00+05:30,18211.3,18211.95,18207.05,18211.7,0
1170,2023-05-08 10:00:00+05:30,18210.9,18215.05,18208.35,18209.95,0
1171,2023-05-08 10:01:00+05:30,18209.85,18211.3,18208.7,18211.3,0
1172,2023-05-08 10:02:00+05:30,18211.3,18211.9,18208.45,18209.9,0
1173,2023-05-08 10:03:00+05:30,18209.5,18211.4,18208.25,18209.1,0
1174,2023-05-08 10:04:00+05:30,18209.3,18217.7,18209.1,18216.75,0
1175,2023-05-08 10:05:00+05:30,18217.7,18218.25,18203.5,18203.5,0
1176,2023-05-08 10:06:00+05:30,18203.6,18206.4,18201.45,18204.0,0
1177,2023-05-08 10:07:00+05:30,18203.75,18208.8,18203.45,18206.4,0
1178,2023-05-08 10:08:00+05:30,18207.6,18207.8,18202.5,18203.9,0
1179,2023-05-08 10:09:00+05:30,18204.9,18207.2,18203.45,18204.65,0
1180,2023-05-08 10:10:00+05:30,18204.75,18205.3,18194.55,18197.85,0
1181,2023-05-08 10:11:00+05:30,18199.15,18199.15,18194.5,18198.4,0
1182,2023-05-08 10:12:00+05:30,18197.75,18200.6,18197.75,18200.3,0
1183,2023-05-08 10:13:00+05:30,18200.1,18200.4,18191.25,18193.4,0
1184,2023-05-08 10:14:00+05:30,18195.8,18195.8,18190.55,18193.75,0
1185,2023-05-08 10:15:00+05:30,18193.3,18201.4,18192.75,18200.85,0
1186,2023-05-08 10:16:00+05:30,18200.45,18202.35,18198.1,18200.0,0
1187,2023-05-08 10:17:00+05:30,18199.35,18202.95,18197.25,18199.4,0
1188,2023-05-08 10:18:00+05:30,18199.4,18203.8,18199.2,18201.05,0
1189,2023-05-08 10:19:00+05:30,18200.45,18208.0,18200.3,18205.2,0
1190,2023-05-08 10:20:00+05:30,18204.4,18206.4,18199.8,18200.75,0
1191,2023-05-08 10:21:00+05:30,18201.35,18206.3,18196.2,18206.3,0
1192,2023-05-08 10:22:00+05:30,18206.45,18215.65,18206.4,18214.8,0
1193,2023-05-08 10:23:00+05:30,18214.7,18226.85,18214.55,18226.45,0
1194,2023-05-08 10:24:00+05:30,18226.3,18232.4,18226.3,18231.3,0
1195,2023-05-08 10:25:00+05:30,18231.05,18231.65,18226.0,18228.15,0
1196,2023-05-08 10:26:00+05:30,18229.15,18234.3,18228.7,18233.6,0
1197,2023-05-08 10:27:00+05:30,18234.15,18238.3,18234.15,18235.35,0
1198,2023-05-08 10:28:00+05:30,18236.15,18236.85,18231.0,18231.05,0
1199,2023-05-08 10:29:00+05:30,18231.9,18234.5,18229.45,18233.6,0
1200,2023-05-08 10:30:00+05:30,18233.1,18235.0,18227.1,18227.85,0
1201,2023-05-08 10:31:00+05:30,18227.05,18229.1,18225.7,18228.45,0
1202,2023-05-08 10:32:00+05:30,18228.4,18229.65,18220.55,18222.1,0
1203,2023-05-08 10:33:00+05:30,18221.85,18231.35,18220.95,18230.0,0
1204,2023-05-08 10:34:00+05:30,18230.15,18234.0,18229.7,18230.8,0
1205,2023-05-08 10:35:00+05:30,18230.9,18235.55,18229.25,18235.5,0
1206,2023-05-08 10:36:00+05:30,18235.6,18237.75,18234.1,18235.25,0
1207,2023-05-08 10:37:00+05:30,18234.7,18237.75,18234.45,18235.05,0
1208,2023-05-08 10:38:00+05:30,18235.75,18241.4,18235.35,18237.55,0
1209,2023-05-08 10:39:00+05:30,18237.35,18239.9,18236.2,18239.75,0
1210,2023-05-08 10:40:00+05:30,18239.3,18239.55,18236.95,18236.95,0
1211,2023-05-08 10:41:00+05:30,18237.4,18240.85,18236.05,18236.5,0
1212,2023-05-08 10:42:00+05:30,18237.15,18243.7,18236.2,18243.05,0
1213,2023-05-08 10:43:00+05:30,18242.2,18243.55,18240.5,18241.3,0
1214,2023-05-08 10:44:00+05:30,18241.45,18244.65,18240.7,18244.5,0
1215,2023-05-08 10:45:00+05:30,18244.65,18249.9,18244.45,18249.55,0
1216,2023-05-08 10:46:00+05:30,18248.95,18251.65,18245.2,18245.5,0
1217,2023-05-08 10:47:00+05:30,18245.05,18247.95,18245.0,18246.05,0
1218,2023-05-08 10:48:00+05:30,18245.95,18246.8,18242.55,18243.6,0
1219,2023-05-08 10:49:00+05:30,18242.85,18246.7,18242.8,18246.1,0
1220,2023-05-08 10:50:00+05:30,18245.9,18247.25,18245.15,18247.2,0
1221,2023-05-08 10:51:00+05:30,18247.3,18247.3,18232.25,18234.95,0
1222,2023-05-08 10:52:00+05:30,18235.1,18235.5,18230.75,18232.75,0
1223,2023-05-08 10:53:00+05:30,18232.75,18234.7,18231.75,18233.35,0
1224,2023-05-08 10:54:00+05:30,18232.35,18233.8,18230.8,18232.2,0
1225,2023-05-08 10:55:00+05:30,18232.3,18232.7,18228.2,18228.65,0
1226,2023-05-08 10:56:00+05:30,18228.65,18231.85,18228.5,18231.1,0
1227,2023-05-08 10:57:00+05:30,18230.7,18233.7,18230.7,18233.35,0
1228,2023-05-08 10:58:00+05:30,18232.9,18235.65,18230.6,18234.8,0
1229,2023-05-08 10:59:00+05:30,18233.9,18236.0,18233.45,18234.6,0
1230,2023-05-08 11:00:00+05:30,18234.65,18238.85,18233.9,18235.7,0
1231,2023-05-08 11:01:00+05:30,18235.35,18235.95,18232.35,18233.9,0
1232,2023-05-08 11:02:00+05:30,18234.35,18234.35,18231.7,18231.7,0
1233,2023-05-08 11:03:00+05:30,18232.4,18233.0,18230.65,18232.1,0
1234,2023-05-08 11:04:00+05:30,18231.65,18231.8,18227.4,18228.2,0
1235,2023-05-08 11:05:00+05:30,18228.35,18229.3,18225.6,18226.45,0
1236,2023-05-08 11:06:00+05:30,18227.3,18227.9,18223.45,18223.9,0
1237,2023-05-08 11:07:00+05:30,18223.95,18223.95,18219.75,18223.2,0
1238,2023-05-08 11:08:00+05:30,18223.15,18224.2,18219.3,18219.65,0
1239,2023-05-08 11:09:00+05:30,18220.0,18222.55,18219.5,18221.3,0
1240,2023-05-08 11:10:00+05:30,18221.4,18225.1,18221.35,18225.1,0
1241,2023-05-08 11:11:00+05:30,18223.7,18226.1,18221.6,18221.65,0
1242,2023-05-08 11:12:00+05:30,18222.05,18227.8,18222.0,18227.25,0
1243,2023-05-08 11:13:00+05:30,18227.5,18229.75,18227.15,18228.15,0
1244,2023-05-08 11:14:00+05:30,18229.9,18234.4,18229.3,18233.55,0
1245,2023-05-08 11:15:00+05:30,18234.05,18235.65,18232.35,18232.35,0
1246,2023-05-08 11:16:00+05:30,18233.05,18234.35,18232.5,18234.05,0
1247,2023-05-08 11:17:00+05:30,18234.25,18235.95,18233.15,18235.6,0
1248,2023-05-08 11:18:00+05:30,18235.35,18236.45,18234.3,18235.5,0
1249,2023-05-08 11:19:00+05:30,18235.5,18238.95,18235.5,18237.35,0
1250,2023-05-08 11:20:00+05:30,18238.0,18239.2,18234.5,18235.35,0
1251,2023-05-08 11:21:00+05:30,18235.1,18235.1,18228.75,18230.55,0
1252,2023-05-08 11:22:00+05:30,18230.55,18231.9,18229.85,18230.8,0
1253,2023-05-08 11:23:00+05:30,18231.3,18234.3,18231.1,18232.8,0
1254,2023-05-08 11:24:00+05:30,18232.7,18234.05,18231.9,18233.25,0
1255,2023-05-08 11:25:00+05:30,18233.0,18236.3,18230.0,18231.2,0
1256,2023-05-08 11:26:00+05:30,18231.55,18231.65,18228.4,18229.15,0
1257,2023-05-08 11:27:00+05:30,18229.2,18234.55,18229.2,18233.75,0
1258,2023-05-08 11:28:00+05:30,18233.05,18235.75,18232.45,18232.55,0
1259,2023-05-08 11:29:00+05:30,18232.75,18235.75,18231.25,18234.35,0
1260,2023-05-08 11:30:00+05:30,18234.6,18240.05,18234.55,18239.95,0
1261,2023-05-08 11:31:00+05:30,18239.65,18239.9,18231.65,18234.1,0
1262,2023-05-08 11:32:00+05:30,18234.5,18238.05,18233.45,18237.4,0
1263,2023-05-08 11:33:00+05:30,18238.05,18242.6,18237.95,18242.6,0
1264,2023-05-08 11:34:00+05:30,18241.8,18242.25,18238.8,18239.45,0
1265,2023-05-08 11:35:00+05:30,18240.45,18243.9,18238.4,18243.65,0
1266,2023-05-08 11:36:00+05:30,18243.25,18246.9,18242.5,18246.75,0
1267,2023-05-08 11:37:00+05:30,18247.35,18250.3,18246.5,18249.8,0
1268,2023-05-08 11:38:00+05:30,18249.9,18251.3,18249.25,18250.45,0
1269,2023-05-08 11:39:00+05:30,18250.85,18252.25,18249.85,18251.35,0
1270,2023-05-08 11:40:00+05:30,18251.8,18252.5,18250.45,18251.7,0
1271,2023-05-08 11:41:00+05:30,18251.7,18253.65,18251.3,18251.6,0
1272,2023-05-08 11:42:00+05:30,18251.9,18251.95,18247.35,18249.25,0
1273,2023-05-08 11:43:00+05:30,18250.0,18251.65,18249.6,18251.65,0
1274,2023-05-08 11:44:00+05:30,18250.75,18251.45,18247.9,18247.9,0
1275,2023-05-08 11:45:00+05:30,18247.65,18250.2,18247.45,18249.45,0
1276,2023-05-08 11:46:00+05:30,18249.3,18251.5,18248.05,18251.0,0
1277,2023-05-08 11:47:00+05:30,18251.2,18253.75,18250.8,18253.7,0
1278,2023-05-08 11:48:00+05:30,18252.95,18254.8,18251.5,18254.8,0
1279,2023-05-08 11:49:00+05:30,18254.65,18257.6,18254.25,18256.7,0
1280,2023-05-08 11:50:00+05:30,18256.85,18259.95,18255.55,18259.95,0
1281,2023-05-08 11:51:00+05:30,18259.35,18260.15,18256.35,18260.15,0
1282,2023-05-08 11:52:00+05:30,18259.95,18263.05,18257.95,18262.55,0
1283,2023-05-08 11:53:00+05:30,18262.35,18264.05,18260.5,18261.95,0
1284,2023-05-08 11:54:00+05:30,18261.3,18261.45,18259.15,18261.0,0
1285,2023-05-08 11:55:00+05:30,18260.45,18261.5,18258.7,18261.1,0
1286,2023-05-08 11:56:00+05:30,18260.55,18262.1,18258.5,18260.85,0
1287,2023-05-08 11:57:00+05:30,18260.0,18260.85,18257.85,18259.7,0
1288,2023-05-08 11:58:00+05:30,18259.85,18260.7,18257.55,18259.8,0
1289,2023-05-08 11:59:00+05:30,18258.7,18260.4,18257.0,18258.45,0
1290,2023-05-08 12:00:00+05:30,18259.05,18260.8,18258.05,18259.7,0
1291,2023-05-08 12:01:00+05:30,18259.1,18261.75,18257.45,18261.75,0
1292,2023-05-08 12:02:00+05:30,18261.6,18265.25,18257.6,18258.6,0
1293,2023-05-08 12:03:00+05:30,18255.95,18259.25,18248.75,18259.25,0
1294,2023-05-08 12:04:00+05:30,18258.65,18264.4,18257.05,18263.35,0
1295,2023-05-08 12:05:00+05:30,18263.1,18264.0,18260.05,18263.7,0
1296,2023-05-08 12:06:00+05:30,18262.8,18265.15,18261.35,18262.7,0
1297,2023-05-08 12:07:00+05:30,18260.65,18264.6,18259.2,18264.6,0
1298,2023-05-08 12:08:00+05:30,18263.5,18266.7,18262.95,18266.0,0
1299,2023-05-08 12:09:00+05:30,18265.2,18270.6,18265.2,18267.95,0
1300,2023-05-08 12:10:00+05:30,18266.95,18268.2,18263.35,18268.2,0
1301,2023-05-08 12:11:00+05:30,18267.85,18271.65,18267.5,18271.35,0
1302,2023-05-08 12:12:00+05:30,18270.55,18276.95,18270.3,18276.8,0
1303,2023-05-08 12:13:00+05:30,18276.05,18277.8,18269.9,18270.9,0
1304,2023-05-08 12:14:00+05:30,18271.1,18271.1,18268.0,18269.9,0
1305,2023-05-08 12:15:00+05:30,18269.35,18272.15,18268.8,18269.85,0
1306,2023-05-08 12:16:00+05:30,18269.2,18270.65,18265.65,18267.05,0
1307,2023-05-08 12:17:00+05:30,18266.35,18267.75,18265.3,18266.15,0
1308,2023-05-08 12:18:00+05:30,18266.5,18268.5,18264.55,18267.35,0
1309,2023-05-08 12:19:00+05:30,18267.05,18269.3,18265.0,18266.3,0
1310,2023-05-08 12:20:00+05:30,18265.75,18267.65,18262.0,18263.75,0
1311,2023-05-08 12:21:00+05:30,18263.55,18266.6,18261.45,18262.75,0
1312,2023-05-08 12:22:00+05:30,18263.05,18264.9,18260.3,18263.2,0
1313,2023-05-08 12:23:00+05:30,18262.15,18263.4,18260.65,18262.55,0
1314,2023-05-08 12:24:00+05:30,18262.2,18264.4,18261.35,18262.85,0
1315,2023-05-08 12:25:00+05:30,18262.75,18263.0,18259.45,18261.45,0
1316,2023-05-08 12:26:00+05:30,18260.1,18261.8,18257.55,18258.4,0
1317,2023-05-08 12:27:00+05:30,18258.3,18263.25,18258.25,18261.1,0
1318,2023-05-08 12:28:00+05:30,18261.4,18261.9,18259.2,18260.55,0
1319,2023-05-08 12:29:00+05:30,18261.15,18261.45,18258.55,18260.9,0
1320,2023-05-08 12:30:00+05:30,18261.2,18264.8,18260.95,18262.85,0
1321,2023-05-08 12:31:00+05:30,18263.0,18271.05,18262.15,18271.05,0
1322,2023-05-08 12:32:00+05:30,18270.4,18270.8,18267.25,18269.65,0
1323,2023-05-08 12:33:00+05:30,18269.6,18271.05,18268.45,18269.3,0
1324,2023-05-08 12:34:00+05:30,18268.2,18270.05,18267.5,18269.6,0
1325,2023-05-08 12:35:00+05:30,18270.5,18272.2,18269.1,18269.1,0
1326,2023-05-08 12:36:00+05:30,18270.05,18270.15,18268.05,18269.2,0
1327,2023-05-08 12:37:00+05:30,18269.4,18270.35,18267.6,18267.95,0
1328,2023-05-08 12:38:00+05:30,18267.85,18269.3,18264.9,18267.75,0
1329,2023-05-08 12:39:00+05:30,18267.85,18269.35,18267.15,18268.3,0
1330,2023-05-08 12:40:00+05:30,18268.0,18268.6,18264.95,18266.65,0
1331,2023-05-08 12:41:00+05:30,18266.05,18268.15,18265.55,18267.45,0
1332,2023-05-08 12:42:00+05:30,18267.45,18270.9,18267.3,18270.45,0
1333,2023-05-08 12:43:00+05:30,18270.4,18271.35,18268.35,18270.65,0
1334,2023-05-08 12:44:00+05:30,18271.35,18275.85,18270.45,18274.1,0
1335,2023-05-08 12:45:00+05:30,18274.3,18274.8,18271.75,18273.5,0
1336,2023-05-08 12:46:00+05:30,18273.55,18273.55,18269.85,18270.35,0
1337,2023-05-08 12:47:00+05:30,18269.7,18273.15,18269.0,18272.25,0
1338,2023-05-08 12:48:00+05:30,18272.4,18273.9,18269.6,18273.8,0
1339,2023-05-08 12:49:00+05:30,18273.45,18274.25,18269.45,18269.8,0
1340,2023-05-08 12:50:00+05:30,18269.85,18271.65,18267.4,18270.85,0
1341,2023-05-08 12:51:00+05:30,18270.6,18272.15,18267.7,18268.55,0
1342,2023-05-08 12:52:00+05:30,18269.15,18269.15,18265.35,18266.55,0
1343,2023-05-08 12:53:00+05:30,18267.05,18272.9,18267.05,18272.15,0
1344,2023-05-08 12:54:00+05:30,18272.05,18272.05,18268.25,18268.4,0
1345,2023-05-08 12:55:00+05:30,18268.85,18272.05,18268.35,18272.05,0
1346,2023-05-08 12:56:00+05:30,18272.5,18277.3,18272.2,18275.55,0
1347,2023-05-08 12:57:00+05:30,18275.1,18275.75,18257.8,18261.25,0
1348,2023-05-08 12:58:00+05:30,18262.6,18268.7,18262.6,18263.55,0
1349,2023-05-08 12:59:00+05:30,18264.85,18266.05,18262.95,18265.15,0
1350,2023-05-08 13:00:00+05:30,18265.25,18265.25,18259.45,18260.65,0
1351,2023-05-08 13:01:00+05:30,18261.5,18264.95,18260.4,18264.35,0
1352,2023-05-08 13:02:00+05:30,18264.5,18269.85,18263.85,18269.8,0
1353,2023-05-08 13:03:00+05:30,18270.05,18270.05,18267.7,18267.75,0
1354,2023-05-08 13:04:00+05:30,18267.85,18267.85,18264.5,18265.2,0
1355,2023-05-08 13:05:00+05:30,18264.75,18264.75,18259.55,18262.45,0
1356,2023-05-08 13:06:00+05:30,18262.15,18263.6,18261.25,18262.75,0
1357,2023-05-08 13:07:00+05:30,18263.1,18263.6,18262.2,18262.85,0
1358,2023-05-08 13:08:00+05:30,18262.5,18263.2,18261.5,18262.55,0
1359,2023-05-08 13:09:00+05:30,18262.35,18264.1,18261.8,18261.95,0
1360,2023-05-08 13:10:00+05:30,18262.4,18262.4,18258.05,18260.55,0
1361,2023-05-08 13:11:00+05:30,18261.15,18262.4,18259.95,18261.0,0
1362,2023-05-08 13:12:00+05:30,18260.75,18262.0,18259.55,18262.0,0
1363,2023-05-08 13:13:00+05:30,18261.35,18264.8,18261.35,18263.8,0
1364,2023-05-08 13:14:00+05:30,18264.0,18270.85,18263.8,18270.35,0
1365,2023-05-08 13:15:00+05:30,18270.4,18273.9,18270.05,18272.75,0
1366,2023-05-08 13:16:00+05:30,18272.6,18273.9,18271.8,18271.8,0
1367,2023-05-08 13:17:00+05:30,18272.6,18273.05,18270.25,18270.8,0
1368,2023-05-08 13:18:00+05:30,18270.7,18274.65,18269.35,18274.15,0
1369,2023-05-08 13:19:00+05:30,18274.35,18277.7,18273.65,18277.5,0
1370,2023-05-08 13:20:00+05:30,18277.5,18279.15,18277.1,18277.85,0
1371,2023-05-08 13:21:00+05:30,18278.05,18278.4,18276.3,18278.2,0
1372,2023-05-08 13:22:00+05:30,18278.15,18278.15,18276.2,18277.2,0
1373,2023-05-08 13:23:00+05:30,18276.65,18276.65,18271.85,18272.4,0
1374,2023-05-08 13:24:00+05:30,18272.45,18274.85,18271.1,18274.45,0
1375,2023-05-08 13:25:00+05:30,18274.7,18274.95,18272.15,18273.05,0
1376,2023-05-08 13:26:00+05:30,18271.95,18275.4,18271.7,18272.85,0
1377,2023-05-08 13:27:00+05:30,18272.55,18278.7,18271.95,18278.7,0
1378,2023-05-08 13:28:00+05:30,18279.0,18282.9,18279.0,18281.95,0
1379,2023-05-08 13:29:00+05:30,18281.85,18281.85,18279.4,18280.05,0
1380,2023-05-08 13:30:00+05:30,18279.8,18280.3,18276.2,18278.7,0
1381,2023-05-08 13:31:00+05:30,18279.0,18281.5,18276.6,18276.6,0
1382,2023-05-08 13:32:00+05:30,18276.15,18281.45,18276.15,18279.2,0
1383,2023-05-08 13:33:00+05:30,18278.85,18279.4,18275.6,18278.1,0
1384,2023-05-08 13:34:00+05:30,18278.95,18279.95,18277.9,18279.6,0
1385,2023-05-08 13:35:00+05:30,18279.6,18282.75,18279.4,18279.7,0
1386,2023-05-08 13:36:00+05:30,18281.25,18282.1,18278.1,18279.4,0
1387,2023-05-08 13:37:00+05:30,18278.95,18280.1,18274.75,18274.75,0
1388,2023-05-08 13:38:00+05:30,18274.8,18277.4,18274.6,18275.3,0
1389,2023-05-08 13:39:00+05:30,18275.1,18275.6,18268.05,18272.7,0
1390,2023-05-08 13:40:00+05:30,18272.5,18273.6,18270.2,18272.5,0
1391,2023-05-08 13:41:00+05:30,18271.65,18272.3,18268.0,18269.6,0
1392,2023-05-08 13:42:00+05:30,18270.45,18272.7,18268.3,18271.5,0
1393,2023-05-08 13:43:00+05:30,18270.65,18274.2,18269.4,18274.2,0
1394,2023-05-08 13:44:00+05:30,18273.7,18273.7,18268.25,18269.25,0
1395,2023-05-08 13:45:00+05:30,18270.45,18272.15,18270.0,18272.0,0
1396,2023-05-08 13:46:00+05:30,18271.8,18271.8,18269.1,18270.45,0
1397,2023-05-08 13:47:00+05:30,18270.05,18270.65,18265.4,18266.95,0
1398,2023-05-08 13:48:00+05:30,18267.0,18268.25,18260.55,18263.75,0
1399,2023-05-08 13:49:00+05:30,18262.5,18265.9,18260.5,18264.15,0
1400,2023-05-08 13:50:00+05:30,18263.45,18265.8,18262.3,18265.8,0
1401,2023-05-08 13:51:00+05:30,18266.0,18267.75,18262.85,18264.2,0
1402,2023-05-08 13:52:00+05:30,18264.9,18265.35,18262.45,18264.45,0
1403,2023-05-08 13:53:00+05:30,18264.95,18270.6,18264.3,18269.0,0
1404,2023-05-08 13:54:00+05:30,18268.75,18272.35,18268.15,18272.35,0
1405,2023-05-08 13:55:00+05:30,18272.85,18280.5,18272.85,18279.25,0
1406,2023-05-08 13:56:00+05:30,18279.45,18284.35,18278.7,18283.2,0
1407,2023-05-08 13:57:00+05:30,18283.95,18284.2,18279.7,18281.25,0
1408,2023-05-08 13:58:00+05:30,18280.85,18282.65,18279.5,18280.45,0
1409,2023-05-08 13:59:00+05:30,18281.45,18283.1,18280.5,18283.1,0
1410,2023-05-08 14:00:00+05:30,18282.55,18286.5,18281.9,18285.25,0
1411,2023-05-08 14:01:00+05:30,18284.35,18285.55,18281.7,18282.3,0
1412,2023-05-08 14:02:00+05:30,18283.45,18284.0,18281.1,18281.2,0
1413,2023-05-08 14:03:00+05:30,18282.1,18282.1,18278.95,18281.55,0
1414,2023-05-08 14:04:00+05:30,18281.15,18281.6,18275.35,18276.75,0
1415,2023-05-08 14:05:00+05:30,18276.95,18279.95,18275.45,18279.35,0
1416,2023-05-08 14:06:00+05:30,18279.3,18279.55,18277.2,18278.05,0
1417,2023-05-08 14:07:00+05:30,18277.9,18284.35,18277.5,18283.05,0
1418,2023-05-08 14:08:00+05:30,18282.1,18283.55,18279.75,18282.35,0
1419,2023-05-08 14:09:00+05:30,18282.4,18283.55,18280.8,18282.6,0
1420,2023-05-08 14:10:00+05:30,18282.85,18285.6,18281.25,18285.6,0
1421,2023-05-08 14:11:00+05:30,18284.7,18286.7,18280.2,18281.15,0
1422,2023-05-08 14:12:00+05:30,18281.25,18281.7,18277.95,18278.45,0
1423,2023-05-08 14:13:00+05:30,18277.9,18281.85,18277.5,18280.35,0
1424,2023-05-08 14:14:00+05:30,18280.85,18280.85,18274.3,18274.3,0
1425,2023-05-08 14:15:00+05:30,18274.8,18274.8,18258.5,18266.6,0
1426,2023-05-08 14:16:00+05:30,18266.85,18276.65,18266.85,18276.1,0
1427,2023-05-08 14:17:00+05:30,18274.6,18277.3,18271.05,18274.4,0
1428,2023-05-08 14:18:00+05:30,18274.35,18276.35,18270.05,18273.2,0
1429,2023-05-08 14:19:00+05:30,18273.65,18276.6,18272.05,18273.0,0
1430,2023-05-08 14:20:00+05:30,18272.25,18275.45,18269.0,18269.25,0
1431,2023-05-08 14:21:00+05:30,18269.6,18269.6,18264.7,18267.45,0
1432,2023-05-08 14:22:00+05:30,18267.9,18273.4,18265.95,18267.4,0
1433,2023-05-08 14:23:00+05:30,18267.6,18269.1,18264.4,18264.6,0
1434,2023-05-08 14:24:00+05:30,18264.05,18273.1,18264.05,18272.85,0
1435,2023-05-08 14:25:00+05:30,18272.55,18274.25,18269.35,18270.5,0
1436,2023-05-08 14:26:00+05:30,18270.6,18271.25,18268.2,18269.15,0
1437,2023-05-08 14:27:00+05:30,18269.35,18272.1,18269.0,18271.15,0
1438,2023-05-08 14:28:00+05:30,18271.7,18272.35,18268.65,18269.15,0
1439,2023-05-08 14:29:00+05:30,18269.25,18271.65,18266.6,18271.65,0
1440,2023-05-08 14:30:00+05:30,18271.25,18278.4,18270.9,18277.6,0
1441,2023-05-08 14:31:00+05:30,18277.0,18277.0,18271.4,18272.3,0
1442,2023-05-08 14:32:00+05:30,18271.55,18271.9,18267.3,18267.3,0
1443,2023-05-08 14:33:00+05:30,18267.35,18270.8,18266.6,18269.0,0
1444,2023-05-08 14:34:00+05:30,18268.7,18269.6,18266.15,18267.65,0
1445,2023-05-08 14:35:00+05:30,18267.3,18268.95,18265.9,18267.3,0
1446,2023-05-08 14:36:00+05:30,18267.55,18270.55,18267.25,18270.1,0
1447,2023-05-08 14:37:00+05:30,18270.0,18274.4,18270.0,18273.85,0
1448,2023-05-08 14:38:00+05:30,18274.05,18275.1,18273.1,18274.65,0
1449,2023-05-08 14:39:00+05:30,18274.3,18275.75,18271.7,18271.7,0
1450,2023-05-08 14:40:00+05:30,18272.05,18273.95,18271.85,18272.1,0
1451,2023-05-08 14:41:00+05:30,18272.5,18272.5,18256.25,18259.8,0
1452,2023-05-08 14:42:00+05:30,18260.2,18270.9,18260.2,18270.9,0
1453,2023-05-08 14:43:00+05:30,18270.9,18273.25,18268.15,18268.75,0
1454,2023-05-08 14:44:00+05:30,18268.8,18270.4,18267.55,18269.7,0
1455,2023-05-08 14:45:00+05:30,18269.7,18273.05,18269.7,18270.5,0
1456,2023-05-08 14:46:00+05:30,18271.1,18274.65,18270.95,18274.1,0
1457,2023-05-08 14:47:00+05:30,18274.4,18274.8,18271.8,18273.15,0
1458,2023-05-08 14:48:00+05:30,18273.7,18274.75,18271.45,18272.05,0
1459,2023-05-08 14:49:00+05:30,18273.0,18275.0,18271.85,18274.05,0
1460,2023-05-08 14:50:00+05:30,18274.3,18274.65,18268.25,18269.75,0
1461,2023-05-08 14:51:00+05:30,18270.75,18271.75,18262.5,18266.25,0
1462,2023-05-08 14:52:00+05:30,18266.85,18268.9,18264.3,18268.9,0
1463,2023-05-08 14:53:00+05:30,18268.95,18269.7,18267.4,18269.7,0
1464,2023-05-08 14:54:00+05:30,18269.95,18272.05,18268.05,18268.05,0
1465,2023-05-08 14:55:00+05:30,18268.8,18269.75,18267.2,18269.2,0
1466,2023-05-08 14:56:00+05:30,18269.95,18271.75,18267.7,18269.05,0
1467,2023-05-08 14:57:00+05:30,18268.65,18269.0,18266.85,18268.65,0
1468,2023-05-08 14:58:00+05:30,18269.05,18269.05,18264.55,18266.8,0
1469,2023-05-08 14:59:00+05:30,18267.0,18267.0,18264.3,18265.25,0
1470,2023-05-08 15:00:00+05:30,18265.1,18273.0,18261.6,18269.55,0
1471,2023-05-08 15:01:00+05:30,18269.1,18269.1,18265.0,18266.2,0
1472,2023-05-08 15:02:00+05:30,18266.5,18266.5,18262.7,18263.35,0
1473,2023-05-08 15:03:00+05:30,18262.5,18262.85,18258.2,18259.8,0
1474,2023-05-08 15:04:00+05:30,18260.0,18263.45,18259.85,18263.45,0
1475,2023-05-08 15:05:00+05:30,18262.8,18267.2,18261.25,18261.7,0
1476,2023-05-08 15:06:00+05:30,18262.15,18262.7,18258.8,18258.8,0
1477,2023-05-08 15:07:00+05:30,18259.25,18259.25,18256.5,18256.5,0
1478,2023-05-08 15:08:00+05:30,18256.1,18256.1,18247.3,18252.8,0
1479,2023-05-08 15:09:00+05:30,18250.4,18251.65,18246.85,18248.65,0
1480,2023-05-08 15:10:00+05:30,18250.5,18257.55,18250.5,18257.05,0
1481,2023-05-08 15:11:00+05:30,18257.55,18261.65,18256.8,18258.6,0
1482,2023-05-08 15:12:00+05:30,18258.45,18262.45,18253.7,18262.45,0
1483,2023-05-08 15:13:00+05:30,18261.35,18262.4,18259.25,18260.5,0
1484,2023-05-08 15:14:00+05:30,18259.4,18266.9,18258.55,18266.1,0
1485,2023-05-08 15:15:00+05:30,18265.1,18265.25,18257.45,18257.85,0
1486,2023-05-08 15:16:00+05:30,18258.25,18263.7,18257.3,18262.55,0
1487,2023-05-08 15:17:00+05:30,18262.95,18264.0,18260.05,18261.85,0
1488,2023-05-08 15:18:00+05:30,18264.6,18264.6,18259.85,18262.45,0
1489,2023-05-08 15:19:00+05:30,18262.05,18274.45,18261.9,18274.1,0
1490,2023-05-08 15:20:00+05:30,18274.5,18278.6,18271.35,18273.5,0
1491,2023-05-08 15:21:00+05:30,18273.1,18278.25,18272.85,18276.85,0
1492,2023-05-08 15:22:00+05:30,18276.65,18280.4,18276.0,18279.75,0
1493,2023-05-08 15:23:00+05:30,18280.55,18283.0,18279.3,18282.7,0
1494,2023-05-08 15:24:00+05:30,18283.7,18283.7,18280.5,18281.2,0
1495,2023-05-08 15:25:00+05:30,18281.85,18283.05,18279.75,18280.25,0
1496,2023-05-08 15:26:00+05:30,18279.9,18281.35,18278.15,18278.85,0
1497,2023-05-08 15:27:00+05:30,18279.55,18280.1,18274.1,18276.1,0
1498,2023-05-08 15:28:00+05:30,18277.15,18277.7,18274.4,18276.75,0
1499,2023-05-08 15:29:00+05:30,18275.9,18276.4,18268.9,18269.75,0
