Trade_No,Trade_Type,Date,TradeEntryTime,TradeEntryPrice,TradeExitTime,TradeExitPrice,NetTradePoints
1,Long,2019-01-02,3:16 PM,10904.2,9:18 AM,10858.85,-45.350000000000364
2,Short,2019-01-03,3:16 PM,10780.65,9:18 AM,10773.1,7.549999999999272
3,Short,2019-01-04,3:16 PM,10670.35,9:18 AM,10705.15,-34.79999999999927
4,Long,2019-01-07,3:16 PM,10720.95,9:18 AM,10815.7,94.75
5,Long,2019-01-08,3:16 PM,10776.0,9:18 AM,10738.1,-37.899999999999636
6,Long,2019-01-09,3:16 PM,10806.6,9:18 AM,10867.3,60.69999999999891
7,Long,2019-01-10,3:16 PM,10864.1,9:18 AM,10837.7,-26.399999999999636
8,Long,2019-01-11,3:16 PM,10819.05,9:18 AM,10835.55,16.5
9,Long,2019-01-14,3:16 PM,10797.15,9:18 AM,10754.85,-42.29999999999927
10,Long,2019-01-15,3:16 PM,10736.2,9:18 AM,10782.5,46.29999999999927
11,Long,2019-01-16,3:16 PM,10886.9,9:18 AM,10902.9,16.0
12,Short,2019-01-17,3:16 PM,10889.15,9:18 AM,10924.6,-35.45000000000073
13,Short,2019-01-18,3:16 PM,10904.4,9:18 AM,10915.3,-10.899999999999636
14,Long,2019-01-21,3:16 PM,10900.35,9:18 AM,10899.7,-0.6499999999996362
15,Short,2019-01-22,3:16 PM,10962.45,9:18 AM,10927.85,34.600000000000364
16,Long,2019-01-23,3:16 PM,10924.55,9:18 AM,10927.55,3.0
17,Short,2019-01-24,3:16 PM,10816.4,9:18 AM,10843.0,-26.600000000000364
18,Long,2019-01-25,3:16 PM,10859.4,9:18 AM,10907.8,48.399999999999636
19,Short,2019-01-28,3:16 PM,10783.75,9:18 AM,10759.5,24.25
20,Short,2019-01-29,3:16 PM,10653.45,9:18 AM,10627.9,25.55000000000109
21,Long,2019-01-30,3:16 PM,10641.9,9:18 AM,10692.5,50.600000000000364
22,Long,2019-01-31,3:16 PM,10648.65,9:18 AM,10699.0,50.350000000000364
23,Long,2019-02-01,3:16 PM,10829.3,9:18 AM,10861.05,31.75
24,Long,2019-02-04,3:16 PM,10894.95,9:18 AM,10849.05,-45.900000000001455
25,Short,2019-02-05,3:16 PM,10909.25,9:18 AM,10921.15,-11.899999999999636
26,Short,2019-02-06,3:16 PM,10931.65,9:18 AM,10979.3,-47.649999999999636
27,Long,2019-02-07,3:16 PM,11059.4,9:18 AM,11079.85,20.450000000000728
28,Short,2019-02-08,3:16 PM,11070.8,9:18 AM,11027.25,43.54999999999927
29,Short,2019-02-11,3:16 PM,10934.45,9:18 AM,10892.35,42.100000000000364
30,Short,2019-02-12,3:16 PM,10881.75,9:18 AM,10898.4,-16.649999999999636
31,Short,2019-02-13,3:16 PM,10834.95,9:18 AM,10886.9,-51.94999999999891
32,Short,2019-02-14,3:16 PM,10781.35,9:18 AM,10769.35,12.0
33,Short,2019-02-15,3:16 PM,10742.2,9:18 AM,10727.75,14.450000000000728
34,Long,2019-02-18,3:16 PM,10737.4,9:18 AM,10714.25,-23.149999999999636
35,Short,2019-02-19,3:16 PM,10642.75,9:18 AM,10661.05,-18.299999999999272
36,Short,2019-02-20,3:16 PM,10592.1,9:18 AM,10662.05,-69.94999999999891
37,Long,2019-02-21,3:16 PM,10736.25,9:18 AM,10727.75,-8.5
38,Long,2019-02-22,3:16 PM,10786.9,9:18 AM,10776.1,-10.799999999999272
39,Short,2019-02-25,3:16 PM,10786.45,9:18 AM,10818.8,-32.349999999998545
40,Long,2019-02-26,3:16 PM,10884.25,9:18 AM,10830.65,-53.600000000000364
41,Short,2019-02-27,3:16 PM,10837.65,9:18 AM,10890.2,-52.55000000000109
42,Long,2019-02-28,3:16 PM,10807.35,9:18 AM,10847.6,40.25
43,Short,2019-03-01,3:16 PM,10791.7,9:18 AM,10848.45,-56.75
44,Short,2019-03-05,3:16 PM,10859.9,9:18 AM,10843.7,16.19999999999891
45,Long,2019-03-06,3:16 PM,10989.7,9:18 AM,11032.25,42.54999999999927
46,Long,2019-03-07,3:16 PM,11048.95,9:18 AM,11056.9,7.949999999998909
47,Short,2019-03-08,3:16 PM,11053.0,9:18 AM,11032.95,20.049999999999272
48,Long,2019-03-11,3:16 PM,11036.35,9:18 AM,11090.75,54.399999999999636
49,Long,2019-03-12,3:16 PM,11168.6,9:18 AM,11246.8,78.19999999999891
50,Short,2019-03-13,3:16 PM,11301.15,9:18 AM,11303.55,-2.399999999999636
51,Long,2019-03-14,3:16 PM,11337.7,9:18 AM,11375.05,37.349999999998545
52,Long,2019-03-15,3:16 PM,11343.8,9:18 AM,11391.2,47.400000000001455
53,Short,2019-03-18,3:16 PM,11409.85,9:18 AM,11508.5,-98.64999999999964
54,Long,2019-03-19,3:16 PM,11467.35,9:18 AM,11489.85,22.5
55,Long,2019-03-20,3:16 PM,11538.3,9:18 AM,11536.35,-1.9499999999989086
56,Short,2019-03-22,3:16 PM,11518.65,9:18 AM,11564.65,-46.0
57,Long,2019-03-25,3:16 PM,11461.45,9:18 AM,11356.05,-105.40000000000146
58,Long,2019-03-26,3:16 PM,11353.4,9:18 AM,11371.4,18.0
59,Long,2019-03-27,3:16 PM,11487.65,9:18 AM,11527.5,39.850000000000364
60,Short,2019-03-28,3:16 PM,11443.95,9:18 AM,11459.5,-15.549999999999272
61,Long,2019-03-29,3:16 PM,11572.1,9:18 AM,11617.55,45.44999999999891
62,Long,2019-04-01,3:16 PM,11622.0,9:18 AM,11675.7,53.70000000000073
63,Short,2019-04-02,3:16 PM,11660.25,9:18 AM,11682.55,-22.299999999999272
64,Long,2019-04-03,3:16 PM,11710.6,9:18 AM,11744.5,33.899999999999636
65,Short,2019-04-04,3:16 PM,11641.8,9:18 AM,11660.05,-18.25
66,Long,2019-04-05,3:16 PM,11591.55,9:18 AM,11638.5,46.95000000000073
67,Long,2019-04-08,3:16 PM,11659.0,9:18 AM,11683.95,24.950000000000728
68,Long,2019-04-09,3:16 PM,11606.7,9:18 AM,11578.2,-28.5
69,Long,2019-04-10,3:16 PM,11676.1,9:18 AM,11650.9,-25.200000000000728
70,Short,2019-04-11,3:16 PM,11577.3,9:18 AM,11577.45,-0.1500000000014552
71,Long,2019-04-12,3:16 PM,11594.9,9:18 AM,11619.55,24.649999999999636
72,Short,2019-04-15,3:16 PM,11646.6,9:18 AM,11663.3,-16.69999999999891
73,Short,2019-04-16,3:16 PM,11687.55,9:18 AM,11745.65,-58.100000000000364
74,Short,2019-04-18,3:16 PM,11782.95,9:18 AM,11819.95,-37.0
75,Short,2019-04-22,3:16 PM,11756.75,9:18 AM,11683.15,73.60000000000036
76,Short,2019-04-23,3:16 PM,11593.95,9:18 AM,11619.25,-25.299999999999272
77,Short,2019-04-24,3:16 PM,11582.35,9:18 AM,11611.05,-28.69999999999891
78,Long,2019-04-25,3:16 PM,11730.05,9:18 AM,11717.75,-12.299999999999272
79,Short,2019-04-26,3:16 PM,11636.75,9:18 AM,11691.7,-54.95000000000073
80,Long,2019-04-30,3:16 PM,11752.45,9:18 AM,11739.2,-13.25
81,Long,2019-05-02,3:16 PM,11747.75,9:18 AM,11728.1,-19.649999999999636
82,Short,2019-05-03,3:16 PM,11723.0,9:18 AM,11739.5,-16.5
83,Short,2019-05-06,3:16 PM,11706.85,9:18 AM,11604.9,101.95000000000073
84,Long,2019-05-07,3:16 PM,11596.7,9:18 AM,11639.65,42.94999999999891
85,Short,2019-05-08,3:16 PM,11497.0,9:18 AM,11434.05,62.95000000000073
86,Short,2019-05-09,3:16 PM,11354.75,9:18 AM,11323.2,31.549999999999272
87,Short,2019-05-10,3:16 PM,11302.35,9:18 AM,11329.8,-27.44999999999891
88,Short,2019-05-13,3:16 PM,11282.55,9:18 AM,11253.1,29.44999999999891
89,Short,2019-05-14,3:16 PM,11144.45,9:18 AM,11120.95,23.5
90,Long,2019-05-15,3:16 PM,11240.65,9:18 AM,11253.6,12.950000000000728
91,Short,2019-05-16,3:16 PM,11149.15,9:18 AM,11178.7,-29.55000000000109
92,Long,2019-05-17,3:16 PM,11266.6,9:18 AM,11274.8,8.199999999998909
93,Long,2019-05-20,3:16 PM,11397.35,9:18 AM,11653.8,256.4499999999989
94,Long,2019-05-21,3:16 PM,11823.35,9:18 AM,11864.4,41.04999999999927
95,Long,2019-05-22,3:16 PM,11715.2,9:18 AM,11704.55,-10.650000000001455
96,Long,2019-05-23,3:16 PM,11737.85,9:18 AM,11845.15,107.29999999999927
97,Short,2019-05-24,3:16 PM,11619.0,9:18 AM,11773.65,-154.64999999999964
98,Long,2019-05-27,3:16 PM,11846.1,9:18 AM,11842.45,-3.649999999999636
99,Short,2019-05-28,3:16 PM,11922.65,9:18 AM,11936.3,-13.649999999999636
100,Long,2019-05-29,3:16 PM,11924.9,9:18 AM,11915.6,-9.299999999999272
101,Long,2019-05-30,3:16 PM,11863.8,9:18 AM,11881.65,17.850000000000364
102,Long,2019-05-31,3:16 PM,11944.05,9:18 AM,12009.55,65.5
103,Long,2019-06-03,3:16 PM,11928.25,9:18 AM,11922.9,-5.350000000000364
104,Long,2019-06-04,3:16 PM,12090.0,9:18 AM,12056.3,-33.70000000000073
105,Short,2019-06-06,3:16 PM,12016.55,9:18 AM,11994.4,22.149999999999636
106,Short,2019-06-07,3:16 PM,11847.35,9:18 AM,11850.45,-3.100000000000364
107,Short,2019-06-10,3:16 PM,11856.4,9:18 AM,11955.75,-99.35000000000036
108,Long,2019-06-11,3:16 PM,11916.85,9:18 AM,11939.35,22.5
109,Short,2019-06-12,3:16 PM,11965.7,9:18 AM,11929.2,36.5
110,Long,2019-06-13,3:16 PM,11907.4,9:18 AM,11870.15,-37.25
111,Long,2019-06-14,3:16 PM,11916.2,9:18 AM,11895.0,-21.200000000000728
112,Short,2019-06-17,3:16 PM,11802.8,9:18 AM,11797.95,4.849999999998545
113,Short,2019-06-18,3:16 PM,11660.65,9:18 AM,11706.8,-46.149999999999636
114,Long,2019-06-19,3:16 PM,11703.1,9:18 AM,11771.4,68.29999999999927
115,Long,2019-06-20,3:16 PM,11689.15,9:18 AM,11663.85,-25.299999999999272
116,Long,2019-06-21,3:16 PM,11840.45,9:18 AM,11791.25,-49.20000000000073
117,Short,2019-06-24,3:16 PM,11728.65,9:18 AM,11749.4,-20.75
118,Long,2019-06-25,3:16 PM,11694.4,9:18 AM,11658.25,-36.149999999999636
119,Short,2019-06-26,3:16 PM,11790.1,9:18 AM,11785.15,4.950000000000728
120,Short,2019-06-27,3:16 PM,11844.85,9:18 AM,11866.3,-21.44999999999891
121,Short,2019-06-28,3:16 PM,11840.4,9:18 AM,11857.05,-16.649999999999636
122,Short,2019-07-01,3:16 PM,11787.35,9:18 AM,11844.4,-57.04999999999927
123,Short,2019-07-02,3:16 PM,11864.3,9:18 AM,11872.9,-8.600000000000364
124,Long,2019-07-03,3:16 PM,11914.85,9:18 AM,11903.55,-11.300000000001091
125,Long,2019-07-04,3:16 PM,11913.95,9:18 AM,11937.2,23.25
126,Short,2019-07-05,3:16 PM,11943.1,9:18 AM,11978.25,-35.149999999999636
127,Short,2019-07-08,3:16 PM,11812.5,9:18 AM,11708.75,103.75
128,Long,2019-07-09,3:16 PM,11563.55,9:18 AM,11483.25,-80.29999999999927
129,Long,2019-07-10,3:16 PM,11562.75,9:18 AM,11553.95,-8.799999999999272
130,Short,2019-07-11,3:16 PM,11492.0,9:18 AM,11545.85,-53.850000000000364
131,Short,2019-07-12,3:16 PM,11586.85,9:18 AM,11588.7,-1.8500000000003638
132,Short,2019-07-15,3:16 PM,11546.5,9:18 AM,11581.1,-34.600000000000364
133,Long,2019-07-16,3:16 PM,11588.25,9:18 AM,11580.05,-8.200000000000728
134,Long,2019-07-17,3:16 PM,11666.8,9:18 AM,11663.1,-3.6999999999989086
135,Long,2019-07-18,3:16 PM,11688.3,9:18 AM,11667.55,-20.75
136,Short,2019-07-19,3:16 PM,11592.15,9:18 AM,11632.15,-40.0
137,Short,2019-07-22,3:16 PM,11418.7,9:18 AM,11362.8,55.900000000001455
138,Long,2019-07-23,3:16 PM,11351.1,9:18 AM,11358.85,7.75
139,Short,2019-07-24,3:16 PM,11327.45,9:18 AM,11352.35,-24.899999999999636
140,Long,2019-07-25,3:16 PM,11267.75,9:18 AM,11282.3,14.549999999999272
141,Short,2019-07-26,3:16 PM,11254.1,9:18 AM,11242.4,11.700000000000728
142,Long,2019-07-29,3:16 PM,11284.25,9:18 AM,11281.3,-2.9500000000007276
143,Long,2019-07-30,3:16 PM,11187.05,9:18 AM,11222.35,35.30000000000109
144,Short,2019-07-31,3:16 PM,11078.7,9:18 AM,11027.4,51.30000000000109
145,Long,2019-08-01,3:16 PM,11126.6,9:18 AM,11054.05,-72.55000000000109
146,Long,2019-08-02,3:16 PM,10994.8,9:18 AM,10917.7,-77.09999999999854
147,Long,2019-08-05,3:16 PM,11007.95,9:18 AM,10854.8,-153.15000000000146
148,Long,2019-08-06,3:16 PM,10858.25,9:18 AM,10887.4,29.149999999999636
149,Short,2019-08-07,3:16 PM,10950.95,9:18 AM,10951.5,-0.5499999999992724
150,Short,2019-08-08,3:16 PM,10855.3,9:18 AM,10913.55,-58.25
151,Long,2019-08-09,3:16 PM,11025.4,9:18 AM,11087.25,61.850000000000364
152,Short,2019-08-13,3:16 PM,11107.0,9:18 AM,11072.1,34.899999999999636
153,Short,2019-08-14,3:16 PM,10931.95,9:18 AM,10961.3,-29.349999999998545
154,Long,2019-08-16,3:16 PM,11033.1,9:18 AM,10961.0,-72.10000000000036
155,Long,2019-08-19,3:16 PM,11050.0,9:18 AM,11110.6,60.600000000000364
156,Short,2019-08-20,3:16 PM,11055.3,9:18 AM,11056.3,-1.0
157,Long,2019-08-21,3:16 PM,11016.45,9:18 AM,11007.65,-8.800000000001091
158,Short,2019-08-22,3:16 PM,10916.6,9:18 AM,10897.35,19.25
159,Short,2019-08-23,3:16 PM,10749.3,9:18 AM,10683.0,66.29999999999927
160,Long,2019-08-26,3:16 PM,10826.65,9:18 AM,10941.95,115.30000000000109
161,Long,2019-08-27,3:16 PM,11056.5,9:18 AM,11105.6,49.100000000000364
162,Short,2019-08-28,3:16 PM,11106.85,9:18 AM,11083.75,23.100000000000364
163,Long,2019-08-29,3:16 PM,11042.85,9:18 AM,10987.3,-55.55000000000109
164,Short,2019-08-30,3:16 PM,10942.6,9:18 AM,10977.05,-34.44999999999891
165,Long,2019-09-03,3:16 PM,11021.05,9:18 AM,10930.55,-90.5
166,Short,2019-09-04,3:16 PM,10804.3,9:18 AM,10814.45,-10.150000000001455
167,Long,2019-09-05,3:16 PM,10847.6,9:18 AM,10892.45,44.850000000000364
168,Long,2019-09-06,3:16 PM,10851.35,9:18 AM,10886.7,35.350000000000364
169,Long,2019-09-09,3:16 PM,10948.15,9:18 AM,10905.25,-42.899999999999636
170,Long,2019-09-11,3:16 PM,11002.35,9:18 AM,11017.35,15.0
171,Short,2019-09-12,3:16 PM,11035.55,9:18 AM,11072.5,-36.95000000000073
172,Short,2019-09-13,3:16 PM,10976.0,9:18 AM,10979.3,-3.2999999999992724
173,Long,2019-09-16,3:16 PM,11076.85,9:18 AM,11014.9,-61.95000000000073
174,Long,2019-09-17,3:16 PM,11001.1,9:18 AM,10975.5,-25.600000000000364
175,Short,2019-09-18,3:16 PM,10810.8,9:18 AM,10876.3,-65.5
176,Short,2019-09-19,3:16 PM,10827.8,9:18 AM,10816.1,11.699999999998909
177,Long,2019-09-20,3:16 PM,10710.65,9:18 AM,10716.9,6.25
178,Long,2019-09-23,3:16 PM,11278.5,9:18 AM,11542.45,263.9500000000007
179,Short,2019-09-24,3:16 PM,11602.5,9:18 AM,11587.4,15.100000000000364
180,Short,2019-09-25,3:16 PM,11578.35,9:18 AM,11521.7,56.649999999999636
181,Long,2019-09-26,3:16 PM,11452.45,9:18 AM,11493.15,40.69999999999891
182,Short,2019-09-27,3:16 PM,11566.9,9:18 AM,11531.15,35.75
183,Short,2019-09-30,3:16 PM,11511.7,9:18 AM,11483.45,28.25
184,Long,2019-10-01,3:16 PM,11471.05,9:18 AM,11547.0,75.95000000000073
185,Long,2019-10-03,3:16 PM,11347.7,9:18 AM,11268.85,-78.85000000000036
186,Long,2019-10-04,3:16 PM,11308.9,9:18 AM,11379.5,70.60000000000036
187,Short,2019-10-07,3:16 PM,11168.15,9:18 AM,11180.1,-11.950000000000728
188,Short,2019-10-09,3:16 PM,11119.85,9:18 AM,11119.55,0.3000000000010914
189,Long,2019-10-10,3:16 PM,11313.75,9:18 AM,11278.85,-34.899999999999636
190,Long,2019-10-11,3:16 PM,11232.75,9:18 AM,11294.5,61.75
191,Long,2019-10-14,3:16 PM,11305.35,9:18 AM,11345.05,39.69999999999891
192,Short,2019-10-15,3:16 PM,11322.9,9:18 AM,11363.35,-40.45000000000073
193,Short,2019-10-16,3:16 PM,11427.0,9:18 AM,11464.3,-37.29999999999927
194,Long,2019-10-17,3:16 PM,11472.85,9:18 AM,11457.55,-15.300000000001091
195,Long,2019-10-18,3:16 PM,11587.85,9:18 AM,11563.9,-23.950000000000728
196,Long,2019-10-22,3:16 PM,11663.35,9:18 AM,11683.5,20.149999999999636
197,Short,2019-10-23,3:16 PM,11583.2,9:18 AM,11602.85,-19.649999999999636
198,Long,2019-10-24,3:16 PM,11609.2,9:18 AM,11666.0,56.79999999999927
199,Short,2019-10-25,3:16 PM,11580.8,9:18 AM,11579.4,1.3999999999996362
200,Short,2019-10-30,3:16 PM,11783.35,9:18 AM,11824.6,-41.25
201,Long,2019-10-31,3:16 PM,11838.5,9:18 AM,11893.6,55.100000000000364
202,Long,2019-11-01,3:16 PM,11884.8,9:18 AM,11889.45,4.650000000001455
203,Short,2019-11-04,3:16 PM,11888.8,9:18 AM,11945.55,-56.75
204,Short,2019-11-05,3:16 PM,11941.9,9:18 AM,11954.25,-12.350000000000364
205,Long,2019-11-06,3:16 PM,11916.1,9:18 AM,11883.8,-32.30000000000109
206,Short,2019-11-07,3:16 PM,11963.85,9:18 AM,12000.3,-36.44999999999891
207,Long,2019-11-08,3:16 PM,12011.7,9:18 AM,11975.95,-35.75
208,Short,2019-11-11,3:16 PM,11899.9,9:18 AM,11868.6,31.299999999999272
209,Long,2019-11-13,3:16 PM,11926.35,9:18 AM,11922.5,-3.850000000000364
210,Short,2019-11-14,3:16 PM,11840.95,9:18 AM,11838.85,2.100000000000364
211,Long,2019-11-15,3:16 PM,11872.8,9:18 AM,11907.75,34.95000000000073
212,Short,2019-11-18,3:16 PM,11887.25,9:18 AM,11935.35,-48.100000000000364
213,Short,2019-11-19,3:16 PM,11883.7,9:18 AM,11896.05,-12.349999999998545
214,Long,2019-11-20,3:16 PM,11934.5,9:18 AM,11978.85,44.350000000000364
215,Long,2019-11-21,3:16 PM,12000.75,9:18 AM,12000.7,-0.049999999999272404
216,Short,2019-11-22,3:16 PM,11971.4,9:18 AM,11949.5,21.899999999999636
217,Long,2019-11-25,3:16 PM,11912.8,9:18 AM,11947.4,34.600000000000364
218,Long,2019-11-26,3:16 PM,12075.8,9:18 AM,12121.7,45.900000000001455
219,Short,2019-11-27,3:16 PM,12036.25,9:18 AM,12087.7,-51.45000000000073
220,Long,2019-11-28,3:16 PM,12100.7,9:18 AM,12120.8,20.099999999998545
221,Long,2019-11-29,3:16 PM,12150.85,9:18 AM,12122.5,-28.350000000000364
222,Short,2019-12-02,3:16 PM,12053.5,9:18 AM,12075.5,-22.0
223,Long,2019-12-03,3:16 PM,12046.35,9:18 AM,12026.5,-19.850000000000364
224,Long,2019-12-04,3:16 PM,11994.95,9:18 AM,11959.9,-35.05000000000109
225,Long,2019-12-05,3:16 PM,12044.1,9:18 AM,12067.7,23.600000000000364
226,Long,2019-12-06,3:16 PM,12030.65,9:18 AM,12047.6,16.950000000000728
227,Short,2019-12-09,3:16 PM,11921.2,9:18 AM,11911.05,10.150000000001455
228,Short,2019-12-10,3:16 PM,11937.3,9:18 AM,11932.35,4.949999999998909
229,Short,2019-12-11,3:16 PM,11857.05,9:18 AM,11879.95,-22.900000000001455
230,Long,2019-12-12,3:16 PM,11912.9,9:18 AM,11948.55,35.649999999999636
231,Short,2019-12-13,3:16 PM,11977.4,9:18 AM,12037.0,-59.600000000000364
232,Long,2019-12-16,3:16 PM,12090.55,9:18 AM,12116.25,25.700000000000728
233,Short,2019-12-17,3:16 PM,12052.45,9:18 AM,12080.9,-28.44999999999891
234,Long,2019-12-18,3:16 PM,12163.5,9:18 AM,12180.9,17.399999999999636
235,Short,2019-12-19,3:16 PM,12214.85,9:18 AM,12204.1,10.75
236,Long,2019-12-20,3:16 PM,12261.0,9:18 AM,12268.25,7.25
237,Short,2019-12-23,3:16 PM,12268.4,9:18 AM,12266.0,2.399999999999636
238,Long,2019-12-24,3:16 PM,12269.9,9:18 AM,12267.55,-2.350000000000364
239,Short,2019-12-26,3:16 PM,12212.55,9:18 AM,12209.85,2.6999999999989086
240,Short,2019-12-27,3:16 PM,12129.5,9:18 AM,12173.3,-43.79999999999927
241,Long,2019-12-30,3:16 PM,12247.3,9:18 AM,12277.95,30.650000000001455
242,Long,2019-12-31,3:16 PM,12256.1,9:18 AM,12227.65,-28.450000000000728
243,Short,2020-01-01,3:16 PM,12158.3,9:18 AM,12202.7,-44.400000000001455
244,Long,2020-01-02,3:16 PM,12181.75,9:18 AM,12214.35,32.600000000000364
245,Long,2020-01-03,3:16 PM,12285.6,9:18 AM,12237.85,-47.75
246,Long,2020-01-06,3:16 PM,12231.45,9:18 AM,12138.7,-92.75
247,Long,2020-01-07,3:16 PM,11995.95,9:18 AM,12123.3,127.34999999999854
248,Long,2020-01-08,3:16 PM,12060.95,9:18 AM,11938.05,-122.90000000000146
249,Long,2020-01-09,3:16 PM,12021.2,9:18 AM,12165.75,144.54999999999927
250,Long,2020-01-10,3:16 PM,12216.0,9:18 AM,12257.8,41.79999999999927
251,Long,2020-01-13,3:16 PM,12258.85,9:18 AM,12318.45,59.600000000000364
252,Long,2020-01-14,3:16 PM,12327.95,9:18 AM,12315.4,-12.550000000001091
253,Long,2020-01-15,3:16 PM,12361.4,9:18 AM,12329.75,-31.649999999999636
254,Long,2020-01-16,3:16 PM,12354.4,9:18 AM,12365.4,11.0
255,Long,2020-01-17,3:16 PM,12359.3,9:18 AM,12337.65,-21.649999999999636
256,Short,2020-01-20,3:16 PM,12347.15,9:18 AM,12385.85,-38.70000000000073
257,Short,2020-01-21,3:16 PM,12223.65,9:18 AM,12170.2,53.44999999999891
258,Short,2020-01-22,3:16 PM,12167.6,9:18 AM,12215.65,-48.04999999999927
259,Short,2020-01-23,3:16 PM,12104.25,9:18 AM,12104.0,0.25
260,Long,2020-01-24,3:16 PM,12180.25,9:18 AM,12171.6,-8.649999999999636
261,Short,2020-01-27,3:16 PM,12246.85,9:18 AM,12192.0,54.850000000000364
262,Short,2020-01-28,3:16 PM,12119.3,9:18 AM,12132.7,-13.400000000001455
263,Long,2020-01-29,3:16 PM,12067.5,9:18 AM,12125.45,57.95000000000073
264,Long,2020-01-30,3:16 PM,12135.8,9:18 AM,12090.35,-45.44999999999891
265,Short,2020-01-31,3:16 PM,12032.8,9:18 AM,12074.35,-41.55000000000109
266,Short,2020-03-02,3:16 PM,11955.3,9:18 AM,11422.2,533.0999999999985
267,Short,2020-03-03,3:16 PM,11042.7,9:18 AM,11284.8,-242.09999999999854
268,Short,2020-03-04,3:16 PM,11299.3,9:18 AM,11311.85,-12.550000000001091
269,Long,2020-03-05,3:16 PM,11268.45,9:18 AM,11325.45,57.0
270,Short,2020-03-06,3:16 PM,11264.95,9:18 AM,10904.8,360.15000000000146
271,Short,2020-03-09,3:16 PM,10994.7,9:18 AM,10671.55,323.15000000000146
272,Short,2020-03-11,3:16 PM,10452.35,9:18 AM,10412.45,39.899999999999636
273,Short,2020-03-12,3:16 PM,10464.4,9:18 AM,9988.15,476.25
274,Short,2020-03-13,3:16 PM,9568.75,9:18 AM,8863.0,705.75
275,Long,2020-03-16,3:16 PM,9960.3,9:18 AM,9524.5,-435.7999999999993
276,Short,2020-03-17,3:16 PM,9174.7,9:18 AM,9151.65,23.05000000000109
277,Short,2020-03-18,3:16 PM,8923.6,9:18 AM,9091.35,-167.75
278,Short,2020-03-19,3:16 PM,8440.75,9:18 AM,8027.8,412.9499999999998
279,Short,2020-03-20,3:16 PM,8243.05,9:18 AM,8315.85,-72.80000000000109
280,Long,2020-03-23,3:16 PM,8756.5,9:18 AM,8072.0,-684.5
281,Short,2020-03-24,3:16 PM,7598.75,9:18 AM,7989.9,-391.14999999999964
282,Short,2020-03-25,3:16 PM,7822.8,9:18 AM,7938.6,-115.80000000000018
283,Short,2020-03-26,3:16 PM,8295.5,9:18 AM,8375.8,-80.29999999999927
284,Short,2020-03-27,3:16 PM,8621.5,9:18 AM,8974.15,-352.64999999999964
285,Long,2020-03-30,3:16 PM,8670.8,9:18 AM,8370.85,-299.9499999999989
286,Long,2020-03-31,3:16 PM,8298.1,9:18 AM,8432.2,134.10000000000036
287,Short,2020-04-01,3:16 PM,8588.25,9:18 AM,8506.6,81.64999999999964
288,Long,2020-04-03,3:16 PM,8253.35,9:18 AM,8190.9,-62.45000000000073
289,Short,2020-04-07,3:16 PM,8082.35,9:18 AM,8422.7,-340.35000000000036
290,Long,2020-04-08,3:16 PM,8807.4,9:18 AM,8717.5,-89.89999999999964
291,Short,2020-04-09,3:16 PM,8743.2,9:18 AM,8984.1,-240.89999999999964
292,Long,2020-04-13,3:16 PM,9111.5,9:18 AM,9070.6,-40.899999999999636
293,Short,2020-04-15,3:16 PM,8993.25,9:18 AM,9158.5,-165.25
294,Short,2020-04-16,3:16 PM,8931.0,9:18 AM,8877.85,53.149999999999636
295,Short,2020-04-17,3:16 PM,8995.3,9:18 AM,9273.45,-278.15000000000146
296,Long,2020-04-20,3:16 PM,9275.7,9:18 AM,9281.5,5.799999999999272
297,Short,2020-04-21,3:16 PM,9272.6,9:18 AM,9033.65,238.95000000000073
298,Long,2020-04-22,3:16 PM,8986.25,9:18 AM,8986.7,0.4500000000007276
299,Short,2020-04-23,3:16 PM,9185.75,9:18 AM,9208.15,-22.399999999999636
300,Short,2020-04-24,3:16 PM,9312.05,9:18 AM,9184.75,127.29999999999927
301,Short,2020-04-27,3:16 PM,9147.65,9:18 AM,9294.6,-146.95000000000073
302,Short,2020-04-28,3:16 PM,9280.65,9:18 AM,9382.5,-101.85000000000036
303,Long,2020-04-29,3:16 PM,9379.1,9:18 AM,9431.6,52.5
304,Short,2020-04-30,3:16 PM,9554.4,9:18 AM,9748.9,-194.5
305,Long,2020-05-04,3:16 PM,9873.45,9:18 AM,9486.95,-386.5
306,Short,2020-05-05,3:16 PM,9286.7,9:18 AM,9448.65,-161.9499999999989
307,Short,2020-05-06,3:16 PM,9209.25,9:18 AM,9158.2,51.04999999999927
308,Long,2020-05-07,3:16 PM,9273.35,9:18 AM,9207.45,-65.89999999999964
309,Long,2020-05-08,3:16 PM,9199.45,9:18 AM,9359.75,160.29999999999927
310,Short,2020-05-11,3:16 PM,9250.35,9:18 AM,9371.8,-121.44999999999891
311,Short,2020-05-12,3:16 PM,9241.4,9:18 AM,9139.25,102.14999999999964
312,Short,2020-05-13,3:16 PM,9178.55,9:18 AM,9466.55,-288.0
313,Long,2020-05-14,3:16 PM,9387.05,9:18 AM,9229.75,-157.29999999999927
314,Short,2020-05-15,3:16 PM,9135.3,9:18 AM,9115.05,20.25
315,Short,2020-05-18,3:16 PM,9134.2,9:18 AM,9095.8,38.400000000001455
316,Short,2020-05-19,3:16 PM,8823.75,9:18 AM,8917.2,-93.45000000000073
317,Long,2020-05-20,3:16 PM,8882.15,9:18 AM,8922.45,40.30000000000109
318,Long,2020-05-21,3:16 PM,9073.65,9:18 AM,9116.4,42.75
319,Long,2020-05-22,3:16 PM,9110.3,9:18 AM,9056.9,-53.399999999999636
320,Long,2020-05-26,3:16 PM,9036.15,9:18 AM,9146.0,109.85000000000036
321,Short,2020-05-27,3:16 PM,9020.35,9:18 AM,9051.55,-31.19999999999891
322,Long,2020-05-28,3:16 PM,9322.3,9:18 AM,9381.65,59.350000000000364
323,Long,2020-05-29,3:16 PM,9487.2,9:18 AM,9419.9,-67.30000000000109
324,Long,2020-06-01,3:16 PM,9590.65,9:18 AM,9776.4,185.75
325,Short,2020-06-02,3:16 PM,9825.75,9:18 AM,9835.25,-9.5
326,Long,2020-06-03,3:16 PM,9977.95,9:18 AM,10141.1,163.14999999999964
327,Short,2020-06-04,3:16 PM,10047.45,9:18 AM,10091.95,-44.5
328,Long,2020-06-05,3:16 PM,10022.9,9:18 AM,10099.95,77.05000000000109
329,Long,2020-06-08,3:16 PM,10139.15,9:18 AM,10293.0,153.85000000000036
330,Short,2020-06-09,3:16 PM,10163.35,9:18 AM,10178.25,-14.899999999999636
331,Short,2020-06-10,3:16 PM,10049.85,9:18 AM,10100.85,-51.0
332,Long,2020-06-11,3:16 PM,10138.85,9:18 AM,10054.6,-84.25
333,Short,2020-06-12,3:16 PM,9895.2,9:18 AM,9653.9,241.3000000000011
334,Long,2020-06-15,3:16 PM,9978.9,9:18 AM,9902.2,-76.69999999999891
335,Short,2020-06-16,3:16 PM,9799.8,9:18 AM,10036.6,-236.8000000000011
336,Long,2020-06-17,3:16 PM,9914.5,9:18 AM,9857.6,-56.899999999999636
337,Short,2020-06-18,3:16 PM,9884.85,9:18 AM,9875.75,9.100000000000364
338,Long,2020-06-19,3:16 PM,10082.9,9:18 AM,10150.5,67.60000000000036
339,Long,2020-06-22,3:16 PM,10246.35,9:18 AM,10308.55,62.19999999999891
340,Short,2020-06-23,3:16 PM,10318.2,9:18 AM,10353.95,-35.75
341,Long,2020-06-24,3:16 PM,10464.2,9:18 AM,10534.8,70.59999999999854
342,Short,2020-06-25,3:16 PM,10301.55,9:18 AM,10231.9,69.64999999999964
343,Short,2020-06-26,3:16 PM,10283.7,9:18 AM,10366.45,-82.75
344,Long,2020-06-29,3:16 PM,10382.45,9:18 AM,10321.5,-60.95000000000073
345,Long,2020-06-30,3:16 PM,10324.15,9:18 AM,10387.25,63.100000000000364
346,Short,2020-07-01,3:16 PM,10304.8,9:18 AM,10321.8,-17.0
347,Long,2020-07-02,3:16 PM,10429.5,9:18 AM,10505.15,75.64999999999964
348,Short,2020-07-03,3:16 PM,10543.05,9:18 AM,10608.4,-65.35000000000036
349,Long,2020-07-06,3:16 PM,10607.35,9:18 AM,10700.7,93.35000000000036
350,Long,2020-07-07,3:16 PM,10761.25,9:18 AM,10761.35,0.1000000000003638
351,Long,2020-07-08,3:16 PM,10799.65,9:18 AM,10826.2,26.55000000000109
352,Short,2020-07-09,3:16 PM,10703.45,9:18 AM,10758.95,-55.5
353,Long,2020-07-10,3:16 PM,10811.35,9:18 AM,10767.9,-43.45000000000073
354,Short,2020-07-13,3:16 PM,10761.1,9:18 AM,10858.1,-97.0
355,Short,2020-07-14,3:16 PM,10799.6,9:18 AM,10742.25,57.350000000000364
356,Short,2020-07-15,3:16 PM,10615.6,9:18 AM,10704.0,-88.39999999999964
357,Short,2020-07-16,3:16 PM,10597.75,9:18 AM,10637.1,-39.350000000000364
358,Long,2020-07-17,3:16 PM,10735.1,9:18 AM,10789.05,53.94999999999891
359,Long,2020-07-20,3:16 PM,10902.95,9:18 AM,10965.85,62.899999999999636
360,Long,2020-07-21,3:16 PM,11027.7,9:18 AM,11134.2,106.5
361,Short,2020-07-22,3:16 PM,11159.05,9:18 AM,11145.0,14.049999999999272
362,Long,2020-07-23,3:16 PM,11134.35,9:18 AM,11150.6,16.25
363,Long,2020-07-24,3:16 PM,11213.55,9:18 AM,11141.55,-72.0
364,Long,2020-07-27,3:16 PM,11200.0,9:18 AM,11210.4,10.399999999999636
365,Short,2020-07-28,3:16 PM,11128.3,9:18 AM,11185.35,-57.05000000000109
366,Long,2020-07-29,3:16 PM,11300.85,9:18 AM,11319.15,18.299999999999272
367,Long,2020-07-30,3:16 PM,11209.25,9:18 AM,11261.85,52.600000000000364
368,Short,2020-07-31,3:16 PM,11107.45,9:18 AM,11073.8,33.650000000001455
369,Long,2020-08-03,3:16 PM,11068.5,9:18 AM,11013.7,-54.79999999999927
370,Short,2020-08-04,3:16 PM,10892.25,9:18 AM,10965.55,-73.29999999999927
371,Long,2020-08-05,3:16 PM,11095.75,9:18 AM,11185.2,89.45000000000073
372,Long,2020-08-06,3:16 PM,11107.95,9:18 AM,11154.6,46.649999999999636
373,Long,2020-08-07,3:16 PM,11200.95,9:18 AM,11174.75,-26.200000000000728
374,Short,2020-08-10,3:16 PM,11212.95,9:18 AM,11285.45,-72.5
375,Short,2020-08-11,3:16 PM,11265.45,9:18 AM,11357.75,-92.29999999999927
376,Short,2020-08-12,3:16 PM,11322.6,9:18 AM,11257.05,65.55000000000109
377,Short,2020-08-13,3:16 PM,11308.5,9:18 AM,11344.6,-36.100000000000364
378,Short,2020-08-14,3:16 PM,11299.25,9:18 AM,11345.55,-46.29999999999927
379,Long,2020-08-17,3:16 PM,11180.55,9:18 AM,11229.8,49.25
380,Long,2020-08-18,3:16 PM,11241.9,9:18 AM,11280.6,38.70000000000073
381,Short,2020-08-19,3:16 PM,11381.1,9:18 AM,11446.75,-65.64999999999964
382,Short,2020-08-20,3:16 PM,11404.4,9:18 AM,11324.5,79.89999999999964
383,Short,2020-08-21,3:16 PM,11308.25,9:18 AM,11394.2,-85.95000000000073
384,Short,2020-08-24,3:16 PM,11371.95,9:18 AM,11435.35,-63.399999999999636
385,Short,2020-08-25,3:16 PM,11467.3,9:18 AM,11514.6,-47.30000000000109
386,Long,2020-08-26,3:16 PM,11473.1,9:18 AM,11494.45,21.350000000000364
387,Long,2020-08-27,3:16 PM,11551.3,9:18 AM,11599.7,48.400000000001455
388,Short,2020-08-28,3:16 PM,11555.4,9:18 AM,11610.95,-55.55000000000109
389,Short,2020-08-31,3:16 PM,11640.05,9:18 AM,11773.85,-133.8000000000011
390,Long,2020-09-01,3:16 PM,11416.2,9:18 AM,11393.05,-23.150000000001455
391,Long,2020-09-02,3:16 PM,11469.3,9:18 AM,11474.6,5.300000000001091
392,Short,2020-09-03,3:16 PM,11527.75,9:18 AM,11574.7,-46.95000000000073
393,Short,2020-09-04,3:16 PM,11521.65,9:18 AM,11363.75,157.89999999999964
394,Long,2020-09-07,3:16 PM,11338.4,9:18 AM,11347.4,9.0
395,Long,2020-09-08,3:16 PM,11365.8,9:18 AM,11347.0,-18.799999999999272
396,Short,2020-09-09,3:16 PM,11326.3,9:18 AM,11248.65,77.64999999999964
397,Long,2020-09-10,3:16 PM,11286.15,9:18 AM,11342.85,56.70000000000073
398,Long,2020-09-11,3:16 PM,11451.55,9:18 AM,11463.45,11.900000000001455
399,Long,2020-09-14,3:16 PM,11466.7,9:18 AM,11548.1,81.39999999999964
400,Long,2020-09-15,3:16 PM,11446.85,9:18 AM,11479.7,32.850000000000364
401,Short,2020-09-16,3:16 PM,11513.6,9:18 AM,11536.65,-23.049999999999272
402,Short,2020-09-17,3:16 PM,11600.4,9:18 AM,11555.65,44.75
403,Long,2020-09-18,3:16 PM,11524.5,9:18 AM,11574.05,49.54999999999927
404,Long,2020-09-21,3:16 PM,11504.75,9:18 AM,11509.45,4.700000000000728
405,Short,2020-09-22,3:16 PM,11255.8,9:18 AM,11234.2,21.599999999998545
406,Long,2020-09-23,3:16 PM,11157.3,9:18 AM,11247.35,90.05000000000109
407,Long,2020-09-24,3:16 PM,11129.1,9:18 AM,10991.9,-137.20000000000073
408,Short,2020-09-25,3:16 PM,10802.95,9:18 AM,10919.6,-116.64999999999964
409,Long,2020-09-28,3:16 PM,11046.1,9:18 AM,11105.65,59.54999999999927
410,Long,2020-09-29,3:16 PM,11227.25,9:18 AM,11288.15,60.899999999999636
411,Short,2020-09-30,3:16 PM,11225.2,9:18 AM,11216.15,9.050000000001091
412,Short,2020-10-01,3:16 PM,11245.8,9:18 AM,11365.1,-119.30000000000109
413,Long,2020-10-05,3:16 PM,11419.75,9:18 AM,11513.4,93.64999999999964
414,Short,2020-10-06,3:16 PM,11505.2,9:18 AM,11600.1,-94.89999999999964
415,Long,2020-10-07,3:16 PM,11660.65,9:18 AM,11655.5,-5.149999999999636
416,Short,2020-10-08,3:16 PM,11733.35,9:18 AM,11847.5,-114.14999999999964
417,Long,2020-10-09,3:16 PM,11838.4,9:18 AM,11870.35,31.950000000000728
418,Long,2020-10-12,3:16 PM,11911.7,9:18 AM,12011.05,99.34999999999854
419,Long,2020-10-13,3:16 PM,11930.65,9:18 AM,11919.35,-11.299999999999272
420,Short,2020-10-14,3:16 PM,11937.7,9:18 AM,11909.05,28.650000000001455
421,Long,2020-10-15,3:16 PM,11973.7,9:18 AM,11970.75,-2.9500000000007276
422,Short,2020-10-16,3:16 PM,11669.4,9:18 AM,11755.25,-85.85000000000036
423,Long,2020-10-19,3:16 PM,11763.15,9:18 AM,11842.65,79.5
424,Long,2020-10-20,3:16 PM,11875.0,9:18 AM,11858.45,-16.549999999999272
425,Long,2020-10-21,3:16 PM,11897.85,9:18 AM,11982.6,84.75
426,Long,2020-10-22,3:16 PM,11954.65,9:18 AM,11929.95,-24.69999999999891
427,Long,2020-10-23,3:16 PM,11900.6,9:18 AM,11960.65,60.04999999999927
428,Short,2020-10-26,3:16 PM,11929.6,9:18 AM,11908.5,21.100000000000364
429,Long,2020-10-27,3:16 PM,11773.6,9:18 AM,11781.75,8.149999999999636
430,Short,2020-10-28,3:16 PM,11886.5,9:18 AM,11868.3,18.200000000000728
431,Short,2020-10-29,3:16 PM,11728.05,9:18 AM,11621.15,106.89999999999964
432,Long,2020-10-30,3:16 PM,11674.75,9:18 AM,11670.4,-4.350000000000364
433,Long,2020-11-02,3:16 PM,11649.3,9:18 AM,11657.8,8.5
434,Short,2020-11-03,3:16 PM,11644.75,9:18 AM,11738.65,-93.89999999999964
435,Long,2020-11-04,3:16 PM,11811.0,9:18 AM,11859.55,48.54999999999927
436,Long,2020-11-05,3:16 PM,11905.2,9:18 AM,12055.4,150.1999999999989
437,Long,2020-11-06,3:16 PM,12119.85,9:18 AM,12157.45,37.600000000000364
438,Long,2020-11-09,3:16 PM,12267.35,9:18 AM,12415.35,148.0
439,Long,2020-11-10,3:16 PM,12461.3,9:18 AM,12504.35,43.05000000000109
440,Long,2020-11-11,3:16 PM,12625.95,9:18 AM,12701.85,75.89999999999964
441,Long,2020-11-12,3:16 PM,12749.2,9:18 AM,12712.9,-36.30000000000109
442,Long,2020-11-13,3:16 PM,12700.5,9:18 AM,12639.2,-61.29999999999927
443,Long,2020-11-18,3:16 PM,12875.9,9:18 AM,12874.45,-1.4499999999989086
444,Long,2020-11-19,3:16 PM,12939.45,9:18 AM,12874.1,-65.35000000000036
445,Short,2020-11-20,3:16 PM,12771.35,9:18 AM,12830.3,-58.94999999999891
446,Long,2020-11-23,3:16 PM,12862.95,9:18 AM,12953.3,90.34999999999854
447,Short,2020-11-24,3:16 PM,12929.35,9:18 AM,13004.6,-75.25
448,Long,2020-11-25,3:16 PM,13052.4,9:18 AM,13125.95,73.55000000000109
449,Short,2020-11-26,3:16 PM,12866.75,9:18 AM,12905.9,-39.149999999999636
450,Long,2020-11-27,3:16 PM,12993.05,9:18 AM,12997.45,4.400000000001455
451,Long,2020-12-01,3:16 PM,12969.45,9:18 AM,12992.7,23.25
452,Short,2020-12-02,3:16 PM,13099.15,9:18 AM,13101.2,-2.0500000000010914
453,Long,2020-12-03,3:16 PM,13117.0,9:18 AM,13171.5,54.5
454,Short,2020-12-04,3:16 PM,13135.5,9:18 AM,13172.1,-36.600000000000364
455,Long,2020-12-07,3:16 PM,13257.95,9:18 AM,13272.85,14.899999999999636
456,Long,2020-12-08,3:16 PM,13354.55,9:18 AM,13380.45,25.900000000001455
457,Short,2020-12-09,3:16 PM,13385.35,9:18 AM,13468.25,-82.89999999999964
458,Long,2020-12-10,3:16 PM,13531.65,9:18 AM,13471.15,-60.5
459,Short,2020-12-11,3:16 PM,13478.4,9:18 AM,13539.3,-60.899999999999636
460,Long,2020-12-14,3:16 PM,13526.6,9:18 AM,13575.2,48.600000000000364
461,Long,2020-12-15,3:16 PM,13562.35,9:18 AM,13518.1,-44.25
462,Long,2020-12-16,3:16 PM,13565.25,9:18 AM,13656.8,91.54999999999927
463,Long,2020-12-17,3:16 PM,13687.5,9:18 AM,13693.35,5.850000000000364
464,Short,2020-12-18,3:16 PM,13741.8,9:18 AM,13750.0,-8.200000000000728
465,Long,2020-12-21,3:16 PM,13765.1,9:18 AM,13692.15,-72.95000000000073
466,Long,2020-12-22,3:16 PM,13342.6,9:18 AM,13389.1,46.5
467,Long,2020-12-23,3:16 PM,13464.05,9:18 AM,13448.05,-16.0
468,Long,2020-12-24,3:16 PM,13602.3,9:18 AM,13672.95,70.65000000000146
469,Short,2020-12-28,3:16 PM,13745.7,9:18 AM,13855.95,-110.25
470,Short,2020-12-29,3:16 PM,13867.65,9:18 AM,13942.0,-74.35000000000036
471,Long,2020-12-30,3:16 PM,13935.2,9:18 AM,13922.55,-12.650000000001455
472,Long,2020-12-31,3:16 PM,13986.75,9:18 AM,13958.75,-28.0
473,Short,2021-01-01,3:16 PM,13984.95,9:18 AM,14012.7,-27.75
474,Short,2021-01-04,3:16 PM,14014.2,9:18 AM,14082.5,-68.29999999999927
475,Long,2021-01-05,3:16 PM,14128.25,9:18 AM,14090.75,-37.5
476,Long,2021-01-06,3:16 PM,14206.75,9:18 AM,14229.35,22.600000000000364
477,Long,2021-01-07,3:16 PM,14155.1,9:18 AM,14226.5,71.39999999999964
478,Short,2021-01-08,3:16 PM,14135.7,9:18 AM,14246.05,-110.34999999999854
479,Long,2021-01-11,3:16 PM,14354.65,9:18 AM,14411.0,56.350000000000364
480,Long,2021-01-12,3:16 PM,14483.85,9:18 AM,14458.35,-25.5
481,Long,2021-01-13,3:16 PM,14569.5,9:18 AM,14630.9,61.399999999999636
482,Long,2021-01-14,3:16 PM,14577.25,9:18 AM,14537.25,-40.0
483,Short,2021-01-15,3:16 PM,14585.8,9:18 AM,14606.6,-20.80000000000109
484,Short,2021-01-18,3:16 PM,14437.25,9:18 AM,14396.4,40.850000000000364
485,Short,2021-01-19,3:16 PM,14291.9,9:18 AM,14406.75,-114.85000000000036
486,Short,2021-01-20,3:16 PM,14523.2,9:18 AM,14538.75,-15.549999999999272
487,Short,2021-01-21,3:16 PM,14648.35,9:18 AM,14716.1,-67.75
488,Short,2021-01-22,3:16 PM,14593.65,9:18 AM,14551.7,41.94999999999891
489,Short,2021-01-25,3:16 PM,14373.85,9:18 AM,14466.9,-93.04999999999927
490,Short,2021-01-27,3:16 PM,14247.35,9:18 AM,14180.45,66.89999999999964
491,Short,2021-01-28,3:16 PM,13975.45,9:18 AM,13839.05,136.40000000000146
492,Long,2021-01-29,3:16 PM,13827.05,9:18 AM,13940.85,113.80000000000109
493,Short,2021-02-01,3:16 PM,13626.1,9:18 AM,13756.15,-130.04999999999927
494,Long,2021-02-02,3:16 PM,14268.4,9:18 AM,14528.85,260.4500000000007
495,Long,2021-02-03,3:16 PM,14643.7,9:18 AM,14651.35,7.649999999999636
496,Short,2021-02-04,3:16 PM,14790.8,9:18 AM,14760.95,29.849999999998545
497,Short,2021-02-05,3:16 PM,14884.75,9:18 AM,14997.05,-112.29999999999927
498,Short,2021-02-08,3:16 PM,14921.0,9:18 AM,15075.6,-154.60000000000036
499,Long,2021-02-09,3:16 PM,15116.95,9:18 AM,15182.4,65.44999999999891
500,Short,2021-02-10,3:16 PM,15119.45,9:18 AM,15155.25,-35.79999999999927
501,Long,2021-02-11,3:16 PM,15112.65,9:18 AM,15076.4,-36.25
502,Long,2021-02-12,3:16 PM,15170.2,9:18 AM,15204.1,33.899999999999636
503,Long,2021-02-15,3:16 PM,15168.7,9:18 AM,15276.6,107.89999999999964
504,Long,2021-02-16,3:16 PM,15314.05,9:18 AM,15393.5,79.45000000000073
505,Long,2021-02-17,3:16 PM,15314.8,9:18 AM,15278.2,-36.599999999998545
506,Long,2021-02-18,3:16 PM,15218.3,9:18 AM,15221.7,3.400000000001455
507,Short,2021-02-19,3:16 PM,15115.1,9:18 AM,15056.65,58.45000000000073
508,Long,2021-02-22,3:16 PM,15009.9,9:18 AM,15002.75,-7.149999999999636
509,Short,2021-02-23,3:16 PM,14689.25,9:18 AM,14734.9,-45.649999999999636
510,Long,2021-02-24,3:16 PM,14715.15,9:18 AM,14756.7,41.55000000000109
511,Short,2021-02-26,3:16 PM,15095.9,9:18 AM,14828.8,267.10000000000036
512,Short,2021-03-01,3:16 PM,14531.2,9:18 AM,14677.55,-146.34999999999854
513,Long,2021-03-02,3:16 PM,14764.2,9:18 AM,14831.5,67.29999999999927
514,Long,2021-03-03,3:16 PM,14933.35,9:18 AM,15042.7,109.35000000000036
515,Long,2021-03-04,3:16 PM,15252.6,9:18 AM,15051.5,-201.10000000000036
516,Short,2021-03-05,3:16 PM,15078.6,9:18 AM,14961.15,117.45000000000073
517,Long,2021-03-08,3:16 PM,14944.1,9:18 AM,15024.5,80.39999999999964
518,Short,2021-03-09,3:16 PM,14974.85,9:18 AM,15083.35,-108.5
519,Long,2021-03-10,3:16 PM,15111.4,9:18 AM,15198.75,87.35000000000036
520,Long,2021-03-12,3:16 PM,15180.6,9:18 AM,15298.1,117.5
521,Long,2021-03-15,3:16 PM,15032.1,9:18 AM,15002.1,-30.0
522,Long,2021-03-16,3:16 PM,14937.5,9:18 AM,15001.6,64.10000000000036
523,Short,2021-03-17,3:16 PM,14903.2,9:18 AM,14902.2,1.0
524,Short,2021-03-18,3:16 PM,14707.6,9:18 AM,14858.9,-151.29999999999927
525,Long,2021-03-19,3:16 PM,14590.15,9:18 AM,14452.15,-138.0
526,Short,2021-03-22,3:16 PM,14731.75,9:18 AM,14683.1,48.649999999999636
527,Long,2021-03-23,3:16 PM,14748.0,9:18 AM,14797.35,49.350000000000364
528,Short,2021-03-24,3:16 PM,14815.35,9:18 AM,14728.4,86.95000000000073
529,Short,2021-03-25,3:16 PM,14551.7,9:18 AM,14486.0,65.70000000000073
530,Short,2021-03-26,3:16 PM,14302.3,9:18 AM,14464.3,-162.0
531,Short,2021-03-30,3:16 PM,14488.65,9:18 AM,14638.15,-149.5
532,Short,2021-03-31,3:16 PM,14839.35,9:18 AM,14746.3,93.05000000000109
533,Short,2021-04-01,3:16 PM,14692.85,9:18 AM,14805.75,-112.89999999999964
534,Long,2021-04-05,3:16 PM,14880.95,9:18 AM,14755.25,-125.70000000000073
535,Short,2021-04-06,3:16 PM,14630.05,9:18 AM,14641.2,-11.150000000001455
536,Long,2021-04-07,3:16 PM,14689.8,9:18 AM,14723.7,33.900000000001455
537,Short,2021-04-08,3:16 PM,14820.15,9:18 AM,14918.25,-98.10000000000036
538,Short,2021-04-09,3:16 PM,14872.5,9:18 AM,14861.6,10.899999999999636
539,Short,2021-04-12,3:16 PM,14832.6,9:18 AM,14566.6,266.0
540,Long,2021-04-13,3:16 PM,14314.65,9:18 AM,14376.5,61.850000000000364
541,Long,2021-04-15,3:16 PM,14507.85,9:18 AM,14532.6,24.75
542,Long,2021-04-16,3:16 PM,14591.75,9:18 AM,14612.8,21.049999999999272
543,Short,2021-04-19,3:16 PM,14619.35,9:18 AM,14278.9,340.4500000000007
544,Long,2021-04-20,3:16 PM,14356.9,9:18 AM,14503.95,147.0500000000011
545,Long,2021-04-22,3:16 PM,14314.4,9:18 AM,14168.75,-145.64999999999964
546,Short,2021-04-23,3:16 PM,14401.2,9:18 AM,14358.95,42.25
547,Long,2021-04-26,3:16 PM,14346.55,9:18 AM,14444.6,98.05000000000109
548,Long,2021-04-27,3:16 PM,14482.5,9:18 AM,14535.3,52.79999999999927
549,Long,2021-04-28,3:16 PM,14654.4,9:18 AM,14731.65,77.25
550,Short,2021-04-29,3:16 PM,14862.45,9:18 AM,15026.4,-163.9499999999989
551,Short,2021-04-30,3:16 PM,14890.9,9:18 AM,14776.75,114.14999999999964
552,Short,2021-05-03,3:16 PM,14625.4,9:18 AM,14439.7,185.6999999999989
553,Short,2021-05-04,3:16 PM,14624.2,9:18 AM,14702.15,-77.94999999999891
554,Long,2021-05-05,3:16 PM,14505.7,9:18 AM,14571.5,65.79999999999927
555,Long,2021-05-06,3:16 PM,14619.95,9:18 AM,14660.5,40.54999999999927
556,Long,2021-05-07,3:16 PM,14729.25,9:18 AM,14832.9,103.64999999999964
557,Short,2021-05-10,3:16 PM,14824.85,9:18 AM,14927.05,-102.19999999999891
558,Short,2021-05-11,3:16 PM,14935.75,9:18 AM,14798.75,137.0
559,Long,2021-05-12,3:16 PM,14854.8,9:18 AM,14803.05,-51.75
560,Long,2021-05-14,3:16 PM,14707.9,9:18 AM,14717.3,9.399999999999636
561,Short,2021-05-17,3:16 PM,14676.35,9:18 AM,14748.55,-72.19999999999891
562,Long,2021-05-18,3:16 PM,14914.5,9:18 AM,15099.95,185.45000000000073
563,Long,2021-05-19,3:16 PM,15108.05,9:18 AM,15060.2,-47.849999999998545
564,Short,2021-05-20,3:16 PM,15032.0,9:18 AM,15067.5,-35.5
565,Short,2021-05-21,3:16 PM,14902.25,9:18 AM,15016.9,-114.64999999999964
566,Long,2021-05-24,3:16 PM,15179.6,9:18 AM,15221.35,41.75
567,Short,2021-05-25,3:16 PM,15189.35,9:18 AM,15280.4,-91.04999999999927
568,Short,2021-05-26,3:16 PM,15202.3,9:18 AM,15234.65,-32.350000000000364
569,Short,2021-05-27,3:16 PM,15301.45,9:18 AM,15311.15,-9.699999999998909
570,Long,2021-05-28,3:16 PM,15334.95,9:18 AM,15432.35,97.39999999999964
571,Long,2021-05-31,3:16 PM,15438.55,9:18 AM,15425.2,-13.349999999998545
572,Long,2021-06-01,3:16 PM,15589.3,9:18 AM,15599.85,10.550000000001091
573,Long,2021-06-02,3:16 PM,15577.25,9:18 AM,15558.6,-18.649999999999636
574,Long,2021-06-03,3:16 PM,15575.75,9:18 AM,15653.45,77.70000000000073
575,Long,2021-06-04,3:16 PM,15693.55,9:18 AM,15688.8,-4.75
576,Long,2021-06-07,3:16 PM,15677.1,9:18 AM,15704.25,27.149999999999636
577,Short,2021-06-08,3:16 PM,15747.05,9:18 AM,15755.3,-8.25
578,Short,2021-06-09,3:16 PM,15737.4,9:18 AM,15756.4,-19.0
579,Long,2021-06-10,3:16 PM,15647.45,9:18 AM,15686.85,39.399999999999636
580,Short,2021-06-11,3:16 PM,15735.85,9:18 AM,15810.05,-74.19999999999891
581,Long,2021-06-14,3:16 PM,15802.0,9:18 AM,15763.2,-38.79999999999927
582,Long,2021-06-15,3:16 PM,15812.75,9:18 AM,15866.5,53.75
583,Long,2021-06-16,3:16 PM,15874.55,9:18 AM,15845.55,-29.0
584,Short,2021-06-17,3:16 PM,15773.15,9:18 AM,15684.2,88.94999999999891
585,Long,2021-06-18,3:16 PM,15706.55,9:18 AM,15751.45,44.900000000001455
586,Long,2021-06-21,3:16 PM,15687.65,9:18 AM,15517.3,-170.35000000000036
587,Long,2021-06-22,3:16 PM,15745.85,9:18 AM,15822.0,76.14999999999964
588,Short,2021-06-23,3:16 PM,15776.35,9:18 AM,15825.45,-49.100000000000364
589,Short,2021-06-24,3:16 PM,15687.1,9:18 AM,15728.45,-41.350000000000364
590,Short,2021-06-25,3:16 PM,15794.1,9:18 AM,15825.85,-31.75
591,Long,2021-06-28,3:16 PM,15866.8,9:18 AM,15901.1,34.30000000000109
592,Short,2021-06-29,3:16 PM,15814.55,9:18 AM,15816.25,-1.7000000000007276
593,Long,2021-06-30,3:16 PM,15747.65,9:18 AM,15805.7,58.05000000000109
594,Short,2021-07-01,3:16 PM,15718.3,9:18 AM,15728.85,-10.550000000001091
595,Short,2021-07-02,3:16 PM,15680.25,9:18 AM,15692.1,-11.850000000000364
596,Long,2021-07-05,3:16 PM,15722.6,9:18 AM,15788.85,66.25
597,Long,2021-07-06,3:16 PM,15836.15,9:18 AM,15852.95,16.80000000000109
598,Short,2021-07-07,3:16 PM,15803.55,9:18 AM,15786.7,16.849999999998545
599,Long,2021-07-08,3:16 PM,15883.2,9:18 AM,15873.95,-9.25
600,Long,2021-07-09,3:16 PM,15740.55,9:18 AM,15672.6,-67.94999999999891
601,Short,2021-07-12,3:16 PM,15689.3,9:18 AM,15764.15,-74.85000000000036
602,Long,2021-07-13,3:16 PM,15686.7,9:18 AM,15764.6,77.89999999999964
603,Long,2021-07-14,3:16 PM,15814.6,9:18 AM,15794.5,-20.100000000000364
604,Long,2021-07-15,3:16 PM,15861.05,9:18 AM,15880.45,19.400000000001455
605,Short,2021-07-16,3:16 PM,15923.5,9:18 AM,15940.1,-16.600000000000364
606,Short,2021-07-19,3:16 PM,15922.3,9:18 AM,15787.7,134.59999999999854
607,Long,2021-07-20,3:16 PM,15752.25,9:18 AM,15699.65,-52.600000000000364
608,Short,2021-07-22,3:16 PM,15634.0,9:18 AM,15739.7,-105.70000000000073
609,Long,2021-07-23,3:16 PM,15823.25,9:18 AM,15850.65,27.399999999999636
610,Short,2021-07-26,3:16 PM,15855.85,9:18 AM,15823.8,32.05000000000109
611,Short,2021-07-27,3:16 PM,15821.5,9:18 AM,15874.4,-52.899999999999636
612,Long,2021-07-28,3:16 PM,15748.25,9:18 AM,15680.2,-68.04999999999927
613,Long,2021-07-29,3:16 PM,15709.5,9:18 AM,15779.65,70.14999999999964
614,Short,2021-07-30,3:16 PM,15774.55,9:18 AM,15786.7,-12.150000000001455
615,Short,2021-08-02,3:16 PM,15753.3,9:18 AM,15861.05,-107.75
616,Long,2021-08-03,3:16 PM,15886.6,9:18 AM,15927.1,40.5
617,Long,2021-08-04,3:16 PM,16131.4,9:18 AM,16225.85,94.45000000000073
618,Long,2021-08-05,3:16 PM,16262.95,9:18 AM,16263.25,0.2999999999992724
619,Short,2021-08-06,3:16 PM,16287.6,9:18 AM,16306.7,-19.100000000000364
620,Short,2021-08-09,3:16 PM,16231.35,9:18 AM,16300.35,-69.0
621,Long,2021-08-10,3:16 PM,16260.35,9:18 AM,16293.75,33.399999999999636
622,Long,2021-08-11,3:16 PM,16286.05,9:18 AM,16325.75,39.70000000000073
623,Long,2021-08-12,3:16 PM,16282.45,9:18 AM,16324.55,42.099999999998545
624,Long,2021-08-13,3:16 PM,16360.6,9:18 AM,16410.75,50.149999999999636
625,Short,2021-08-16,3:16 PM,16531.0,9:18 AM,16513.3,17.700000000000728
626,Short,2021-08-17,3:16 PM,16569.95,9:18 AM,16525.25,44.70000000000073
627,Long,2021-08-18,3:16 PM,16623.45,9:18 AM,16676.3,52.849999999998545
628,Long,2021-08-20,3:16 PM,16571.2,9:18 AM,16422.45,-148.75
629,Short,2021-08-23,3:16 PM,16455.6,9:18 AM,16561.95,-106.35000000000218
630,Short,2021-08-24,3:16 PM,16494.9,9:18 AM,16534.35,-39.44999999999709
631,Short,2021-08-25,3:16 PM,16621.9,9:18 AM,16670.55,-48.64999999999782
632,Short,2021-08-26,3:16 PM,16630.5,9:18 AM,16618.9,11.599999999998545
633,Long,2021-08-27,3:16 PM,16644.2,9:18 AM,16610.55,-33.650000000001455
634,Long,2021-08-30,3:16 PM,16709.4,9:18 AM,16801.15,91.75
635,Long,2021-08-31,3:16 PM,16933.3,9:18 AM,16957.3,24.0
636,Long,2021-09-01,3:16 PM,17147.05,9:18 AM,17158.15,11.100000000002183
637,Short,2021-09-02,3:16 PM,17067.3,9:18 AM,17107.15,-39.85000000000218
638,Short,2021-09-03,3:16 PM,17237.2,9:18 AM,17297.25,-60.04999999999927
639,Long,2021-09-06,3:16 PM,17322.15,9:18 AM,17406.55,84.39999999999782
640,Short,2021-09-07,3:16 PM,17379.8,9:18 AM,17404.9,-25.100000000002183
641,Short,2021-09-08,3:16 PM,17360.8,9:18 AM,17359.4,1.3999999999978172
642,Long,2021-09-09,3:16 PM,17355.0,9:18 AM,17348.35,-6.650000000001455
643,Long,2021-09-13,3:16 PM,17364.95,9:18 AM,17332.25,-32.70000000000073
644,Long,2021-09-14,3:16 PM,17355.55,9:18 AM,17406.9,51.35000000000218
645,Short,2021-09-15,3:16 PM,17376.0,9:18 AM,17402.1,-26.099999999998545
646,Short,2021-09-16,3:16 PM,17519.35,9:18 AM,17575.0,-55.650000000001455
647,Short,2021-09-17,3:16 PM,17620.55,9:18 AM,17728.2,-107.65000000000146
648,Short,2021-09-20,3:16 PM,17589.8,9:18 AM,17465.75,124.04999999999927
649,Short,2021-09-21,3:16 PM,17412.15,9:18 AM,17458.7,-46.54999999999927
650,Long,2021-09-22,3:16 PM,17553.75,9:18 AM,17566.0,12.25
651,Short,2021-09-23,3:16 PM,17536.7,9:18 AM,17669.25,-132.54999999999927
652,Long,2021-09-24,3:16 PM,17835.8,9:18 AM,17932.1,96.29999999999927
653,Long,2021-09-27,3:16 PM,17859.7,9:18 AM,17908.95,49.25
654,Long,2021-09-28,3:16 PM,17857.8,9:18 AM,17869.1,11.299999999999272
655,Long,2021-09-29,3:16 PM,17768.7,9:18 AM,17638.45,-130.25
656,Short,2021-09-30,3:16 PM,17702.2,9:18 AM,17703.35,-1.1499999999978172
657,Short,2021-10-01,3:16 PM,17629.9,9:18 AM,17497.2,132.70000000000073
658,Short,2021-10-04,3:16 PM,17529.65,9:18 AM,17630.5,-100.84999999999854
659,Long,2021-10-05,3:16 PM,17693.9,9:18 AM,17657.4,-36.5
660,Long,2021-10-06,3:16 PM,17827.25,9:18 AM,17875.55,48.29999999999927
661,Short,2021-10-07,3:16 PM,17648.3,9:18 AM,17791.2,-142.90000000000146
662,Short,2021-10-08,3:16 PM,17788.25,9:18 AM,17872.4,-84.15000000000146
663,Short,2021-10-11,3:16 PM,17893.1,9:18 AM,17877.35,15.75
664,Short,2021-10-12,3:16 PM,17946.2,9:18 AM,17970.6,-24.399999999997817
665,Long,2021-10-13,3:16 PM,17991.8,9:18 AM,18066.4,74.60000000000218
666,Short,2021-10-14,3:16 PM,18161.9,9:18 AM,18286.8,-124.89999999999782
667,Long,2021-10-18,3:16 PM,18341.05,9:18 AM,18461.05,120.0
668,Short,2021-10-19,3:16 PM,18472.0,9:18 AM,18555.25,-83.25
669,Short,2021-10-20,3:16 PM,18407.55,9:18 AM,18414.65,-7.100000000002183
670,Long,2021-10-21,3:16 PM,18258.05,9:18 AM,18343.8,85.75
671,Long,2021-10-22,3:16 PM,18178.3,9:18 AM,18225.65,47.35000000000218
672,Long,2021-10-25,3:16 PM,18119.1,9:18 AM,18119.7,0.6000000000021828
673,Short,2021-10-26,3:16 PM,18118.3,9:18 AM,18190.2,-71.90000000000146
674,Long,2021-10-27,3:16 PM,18268.35,9:18 AM,18262.25,-6.099999999998545
675,Short,2021-10-28,3:16 PM,18219.45,9:18 AM,18146.35,73.10000000000218
676,Short,2021-10-29,3:16 PM,17853.1,9:18 AM,17700.25,152.84999999999854
677,Short,2021-11-01,3:16 PM,17645.1,9:18 AM,17803.4,-158.3000000000029
678,Long,2021-11-02,3:16 PM,17926.55,9:18 AM,18005.8,79.25
679,Long,2021-11-03,3:16 PM,17892.9,9:18 AM,17970.5,77.59999999999854
680,Long,2021-11-09,3:16 PM,18070.0,9:18 AM,18067.5,-2.5
681,Long,2021-11-10,3:16 PM,18045.45,9:18 AM,17929.0,-116.45000000000073
682,Short,2021-11-11,3:16 PM,18008.95,9:18 AM,17947.95,61.0
683,Long,2021-11-12,3:16 PM,17875.55,9:18 AM,17987.25,111.70000000000073
684,Short,2021-11-15,3:16 PM,18095.1,9:18 AM,18198.9,-103.80000000000291
685,Short,2021-11-16,3:16 PM,18107.65,9:18 AM,18073.8,33.85000000000218
686,Short,2021-11-17,3:16 PM,18001.5,9:18 AM,17943.5,58.0
687,Short,2021-11-18,3:16 PM,17893.8,9:18 AM,17922.15,-28.350000000002183
688,Short,2021-11-22,3:16 PM,17748.45,9:18 AM,17676.75,71.70000000000073
689,Long,2021-11-23,3:16 PM,17408.4,9:18 AM,17267.45,-140.95000000000073
690,Short,2021-11-24,3:16 PM,17502.4,9:18 AM,17515.6,-13.19999999999709
691,Short,2021-11-25,3:16 PM,17408.9,9:18 AM,17418.95,-10.049999999999272
692,Short,2021-11-26,3:16 PM,17532.15,9:18 AM,17322.5,209.65000000000146
693,Short,2021-11-29,3:16 PM,17033.45,9:18 AM,16862.1,171.35000000000218
694,Short,2021-11-30,3:16 PM,17051.7,9:18 AM,17145.65,-93.95000000000073
695,Short,2021-12-01,3:16 PM,16964.95,9:18 AM,17168.95,-204.0
696,Long,2021-12-02,3:16 PM,17165.25,9:18 AM,17217.6,52.349999999998545
697,Long,2021-12-03,3:16 PM,17402.35,9:18 AM,17452.65,50.30000000000291
698,Short,2021-12-06,3:16 PM,17198.2,9:18 AM,17132.9,65.29999999999927
699,Short,2021-12-07,3:16 PM,16915.1,9:18 AM,17057.6,-142.5
700,Short,2021-12-08,3:16 PM,17174.95,9:18 AM,17359.3,-184.34999999999854
701,Long,2021-12-09,3:16 PM,17472.5,9:18 AM,17528.05,55.54999999999927
702,Long,2021-12-10,3:16 PM,17518.35,9:18 AM,17477.1,-41.25
703,Long,2021-12-13,3:16 PM,17528.3,9:18 AM,17603.55,75.25
704,Short,2021-12-14,3:16 PM,17368.15,9:18 AM,17273.8,94.35000000000218
705,Long,2021-12-15,3:16 PM,17327.35,9:18 AM,17345.9,18.55000000000291
706,Short,2021-12-16,3:16 PM,17215.5,9:18 AM,17343.85,-128.34999999999854
707,Long,2021-12-17,3:16 PM,17243.35,9:18 AM,17226.9,-16.44999999999709
708,Short,2021-12-20,3:16 PM,16978.3,9:18 AM,16744.9,233.39999999999782
709,Long,2021-12-21,3:16 PM,16623.05,9:18 AM,16762.95,139.90000000000146
710,Long,2021-12-22,3:16 PM,16772.85,9:18 AM,16885.95,113.10000000000218
711,Long,2021-12-23,3:16 PM,16949.0,9:18 AM,17039.55,90.54999999999927
712,Long,2021-12-24,3:16 PM,17087.75,9:18 AM,17082.2,-5.549999999999272
713,Short,2021-12-27,3:16 PM,17002.1,9:18 AM,16874.35,127.75
714,Short,2021-12-28,3:16 PM,17087.3,9:18 AM,17183.95,-96.65000000000146
715,Long,2021-12-29,3:16 PM,17235.25,9:18 AM,17219.8,-15.450000000000728
716,Short,2021-12-30,3:16 PM,17219.3,9:18 AM,17191.25,28.049999999999272
717,Long,2021-12-31,3:16 PM,17205.15,9:18 AM,17302.25,97.09999999999854
718,Short,2022-01-03,3:16 PM,17354.5,9:18 AM,17457.7,-103.20000000000073
719,Short,2022-01-04,3:16 PM,17618.1,9:18 AM,17702.5,-84.40000000000146
720,Long,2022-01-05,3:16 PM,17795.35,9:18 AM,17800.0,4.650000000001455
721,Long,2022-01-06,3:16 PM,17934.0,9:18 AM,17754.2,-179.79999999999927
722,Short,2022-01-07,3:16 PM,17738.7,9:18 AM,17828.4,-89.70000000000073
723,Long,2022-01-10,3:16 PM,17815.85,9:18 AM,17936.55,120.70000000000073
724,Long,2022-01-11,3:16 PM,18002.25,9:18 AM,18048.0,45.75
725,Long,2022-01-12,3:16 PM,18051.55,9:18 AM,18149.75,98.20000000000073
726,Long,2022-01-13,3:16 PM,18216.55,9:18 AM,18234.9,18.350000000002183
727,Long,2022-01-14,3:16 PM,18268.6,9:18 AM,18123.45,-145.14999999999782
728,Short,2022-01-17,3:16 PM,18256.0,9:18 AM,18288.5,-32.5
729,Long,2022-01-18,3:16 PM,18305.8,9:18 AM,18334.7,28.900000000001455
730,Short,2022-01-19,3:16 PM,18095.7,9:18 AM,18055.45,40.25
731,Long,2022-01-20,3:16 PM,17944.6,9:18 AM,17902.65,-41.94999999999709
732,Long,2022-01-21,3:16 PM,17780.45,9:18 AM,17603.85,-176.60000000000218
733,Long,2022-01-24,3:16 PM,17624.85,9:18 AM,17555.4,-69.44999999999709
734,Long,2022-01-25,3:16 PM,17168.7,9:18 AM,16877.9,-290.7999999999993
735,Long,2022-01-27,3:16 PM,17293.45,9:18 AM,17042.85,-250.60000000000218
736,Long,2022-01-28,3:16 PM,17128.65,9:18 AM,17263.9,135.25
737,Short,2022-01-31,3:16 PM,17096.85,9:18 AM,17297.45,-200.60000000000218
738,Short,2022-02-01,3:16 PM,17342.9,9:18 AM,17480.25,-137.34999999999854
739,Short,2022-02-02,3:16 PM,17576.05,9:18 AM,17713.5,-137.45000000000073
740,Long,2022-02-03,3:16 PM,17778.3,9:18 AM,17730.15,-48.14999999999782
741,Short,2022-02-04,3:16 PM,17565.7,9:18 AM,17523.3,42.400000000001455
742,Long,2022-02-07,3:16 PM,17506.35,9:18 AM,17517.15,10.80000000000291
743,Long,2022-02-08,3:16 PM,17218.6,9:18 AM,17280.5,61.900000000001455
744,Long,2022-02-09,3:16 PM,17275.0,9:18 AM,17387.0,112.0
745,Long,2022-02-10,3:16 PM,17463.0,9:18 AM,17522.6,59.599999999998545
746,Short,2022-02-11,3:16 PM,17604.9,9:18 AM,17422.1,182.8000000000029
747,Long,2022-02-14,3:16 PM,17384.9,9:18 AM,16981.15,-403.75
748,Short,2022-02-15,3:16 PM,16845.05,9:18 AM,16971.05,-126.0
749,Long,2022-02-16,3:16 PM,17356.1,9:18 AM,17425.75,69.65000000000146
750,Short,2022-02-17,3:16 PM,17311.85,9:18 AM,17401.5,-89.65000000000146
751,Short,2022-02-18,3:16 PM,17294.45,9:18 AM,17276.75,17.700000000000728
752,Long,2022-02-21,3:16 PM,17275.8,9:18 AM,17200.1,-75.70000000000073
753,Short,2022-02-22,3:16 PM,17188.65,9:18 AM,16968.05,220.60000000000218
754,Short,2022-02-23,3:16 PM,17098.15,9:18 AM,17184.75,-86.59999999999854
755,Short,2022-02-24,3:16 PM,17050.7,9:18 AM,16686.55,364.15000000000146
756,Short,2022-02-25,3:16 PM,16268.5,9:18 AM,16511.4,-242.90000000000146
757,Short,2022-02-28,3:16 PM,16652.5,9:18 AM,16469.2,183.29999999999927
758,Long,2022-03-02,3:16 PM,16789.0,9:18 AM,16638.85,-150.15000000000146
759,Long,2022-03-03,3:16 PM,16608.9,9:18 AM,16734.45,125.54999999999927
760,Long,2022-03-04,3:16 PM,16535.35,9:18 AM,16282.6,-252.74999999999818
761,Short,2022-03-07,3:16 PM,16231.8,9:18 AM,15855.9,375.89999999999964
762,Long,2022-03-08,3:16 PM,15879.6,9:18 AM,15836.75,-42.850000000000364
763,Long,2022-03-09,3:16 PM,16009.45,9:18 AM,16061.6,52.149999999999636
764,Short,2022-03-10,3:16 PM,16345.5,9:18 AM,16650.9,-305.40000000000146
765,Long,2022-03-11,3:16 PM,16608.0,9:18 AM,16514.0,-94.0
766,Short,2022-03-14,3:16 PM,16624.8,9:18 AM,16687.1,-62.29999999999927
767,Long,2022-03-15,3:16 PM,16852.1,9:18 AM,16917.9,65.80000000000291
768,Long,2022-03-16,3:16 PM,16667.15,9:18 AM,16890.0,222.84999999999854
769,Long,2022-03-17,3:16 PM,16976.75,9:18 AM,17201.0,224.25
770,Short,2022-03-21,3:16 PM,17280.2,9:18 AM,17282.95,-2.75
771,Long,2022-03-22,3:16 PM,17126.35,9:18 AM,17111.85,-14.5
772,Long,2022-03-23,3:16 PM,17317.4,9:18 AM,17415.0,97.59999999999854
773,Short,2022-03-24,3:16 PM,17250.9,9:18 AM,17144.6,106.30000000000291
774,Short,2022-03-25,3:16 PM,17227.55,9:18 AM,17236.65,-9.100000000002183
775,Long,2022-03-28,3:16 PM,17143.6,9:18 AM,17148.65,5.05000000000291
776,Long,2022-03-29,3:16 PM,17222.45,9:18 AM,17264.55,42.099999999998545
777,Long,2022-03-30,3:16 PM,17320.85,9:18 AM,17414.05,93.20000000000073
778,Long,2022-03-31,3:16 PM,17496.1,9:18 AM,17538.75,42.650000000001455
779,Long,2022-04-01,3:16 PM,17463.45,9:18 AM,17449.4,-14.049999999999272
780,Long,2022-04-04,3:16 PM,17673.05,9:18 AM,17829.15,156.10000000000218
781,Long,2022-04-05,3:16 PM,18058.75,9:18 AM,18034.9,-23.849999999998545
782,Short,2022-04-06,3:16 PM,17952.95,9:18 AM,17862.8,90.15000000000146
783,Short,2022-04-07,3:16 PM,17805.05,9:18 AM,17733.6,71.45000000000073
784,Short,2022-04-08,3:16 PM,17632.3,9:18 AM,17688.2,-55.900000000001455
785,Short,2022-04-11,3:16 PM,17777.05,9:18 AM,17728.95,48.099999999998545
786,Short,2022-04-12,3:16 PM,17677.85,9:18 AM,17556.5,121.34999999999854
787,Short,2022-04-13,3:16 PM,17525.1,9:18 AM,17616.85,-91.75
788,Short,2022-04-18,3:16 PM,17466.15,9:18 AM,17193.95,272.2000000000007
789,Long,2022-04-19,3:16 PM,17195.25,9:18 AM,17219.4,24.150000000001455
790,Short,2022-04-20,3:16 PM,16964.75,9:18 AM,16985.1,-20.349999999998545
791,Short,2022-04-21,3:16 PM,17133.3,9:18 AM,17229.4,-96.10000000000218
792,Short,2022-04-22,3:16 PM,17389.85,9:18 AM,17206.5,183.34999999999854
793,Short,2022-04-25,3:16 PM,17168.8,9:18 AM,16957.95,210.84999999999854
794,Long,2022-04-26,3:16 PM,16946.25,9:18 AM,17135.4,189.15000000000146
795,Long,2022-04-27,3:16 PM,17220.05,9:18 AM,17074.55,-145.5
796,Short,2022-04-28,3:16 PM,17036.45,9:18 AM,17119.45,-83.0
797,Short,2022-04-29,3:16 PM,17226.5,9:18 AM,17311.85,-85.34999999999854
798,Short,2022-05-02,3:16 PM,17078.35,9:18 AM,16956.8,121.54999999999927
799,Long,2022-05-04,3:16 PM,17066.8,9:18 AM,17071.1,4.299999999999272
800,Long,2022-05-05,3:16 PM,16710.55,9:18 AM,16827.9,117.35000000000218
801,Short,2022-05-06,3:16 PM,16688.95,9:18 AM,16394.6,294.3500000000022
802,Long,2022-05-09,3:16 PM,16424.75,9:18 AM,16223.4,-201.35000000000036
803,Short,2022-05-10,3:16 PM,16308.35,9:18 AM,16331.45,-23.100000000000364
804,Short,2022-05-11,3:16 PM,16243.7,9:18 AM,16293.35,-49.649999999999636
805,Short,2022-05-12,3:16 PM,16161.4,9:18 AM,15948.75,212.64999999999964
806,Long,2022-05-13,3:16 PM,15817.35,9:18 AM,15962.25,144.89999999999964
807,Short,2022-05-16,3:16 PM,15764.75,9:18 AM,15785.45,-20.700000000000728
808,Short,2022-05-17,3:16 PM,15825.8,9:18 AM,15949.2,-123.40000000000146
809,Long,2022-05-18,3:16 PM,16260.95,9:18 AM,16348.45,87.5
810,Short,2022-05-19,3:16 PM,16235.1,9:18 AM,15961.6,273.5
811,Short,2022-05-20,3:16 PM,15797.15,9:18 AM,16047.05,-249.89999999999964
812,Long,2022-05-23,3:16 PM,16266.4,9:18 AM,16322.3,55.899999999999636
813,Short,2022-05-24,3:16 PM,16211.2,9:18 AM,16239.0,-27.799999999999272
814,Short,2022-05-25,3:16 PM,16117.6,9:18 AM,16199.15,-81.54999999999927
815,Short,2022-05-26,3:16 PM,16032.2,9:18 AM,16092.15,-59.94999999999891
816,Long,2022-05-27,3:16 PM,16176.2,9:18 AM,16283.95,107.75
817,Long,2022-05-30,3:16 PM,16350.05,9:18 AM,16538.45,188.40000000000146
818,Long,2022-05-31,3:16 PM,16656.1,9:18 AM,16568.65,-87.44999999999709
819,Short,2022-06-01,3:16 PM,16560.5,9:18 AM,16623.55,-63.04999999999927
820,Long,2022-06-02,3:16 PM,16528.0,9:18 AM,16459.7,-68.29999999999927
821,Long,2022-06-03,3:16 PM,16640.3,9:18 AM,16775.1,134.79999999999927
822,Short,2022-06-06,3:16 PM,16584.2,9:18 AM,16555.55,28.650000000001455
823,Short,2022-06-07,3:16 PM,16569.9,9:18 AM,16415.4,154.5
824,Long,2022-06-08,3:16 PM,16419.8,9:18 AM,16414.55,-5.25
825,Long,2022-06-09,3:16 PM,16363.45,9:18 AM,16268.15,-95.30000000000109
826,Long,2022-06-10,3:16 PM,16484.45,9:18 AM,16297.85,-186.60000000000036
827,Long,2022-06-13,3:16 PM,16204.7,9:18 AM,15835.1,-369.60000000000036
828,Long,2022-06-14,3:16 PM,15775.5,9:18 AM,15765.15,-10.350000000000364
829,Long,2022-06-15,3:16 PM,15728.1,9:18 AM,15707.95,-20.149999999999636
830,Short,2022-06-16,3:16 PM,15693.85,9:18 AM,15847.0,-153.14999999999964
831,Short,2022-06-17,3:16 PM,15360.85,9:18 AM,15255.15,105.70000000000073
832,Short,2022-06-20,3:16 PM,15257.0,9:18 AM,15317.9,-60.899999999999636
833,Long,2022-06-21,3:16 PM,15365.2,9:18 AM,15456.0,90.79999999999927
834,Short,2022-06-22,3:16 PM,15641.3,9:18 AM,15519.25,122.04999999999927
835,Short,2022-06-23,3:16 PM,15421.1,9:18 AM,15429.15,-8.049999999999272
836,Short,2022-06-24,3:16 PM,15565.3,9:18 AM,15722.3,-157.0
837,Long,2022-06-27,3:16 PM,15710.05,9:18 AM,15874.3,164.25
838,Short,2022-06-28,3:16 PM,15834.15,9:18 AM,15769.2,64.94999999999891
839,Long,2022-06-29,3:16 PM,15840.6,9:18 AM,15704.1,-136.5
840,Short,2022-06-30,3:16 PM,15794.5,9:18 AM,15838.4,-43.899999999999636
841,Short,2022-07-01,3:16 PM,15777.25,9:18 AM,15677.05,100.20000000000073
842,Long,2022-07-04,3:16 PM,15753.35,9:18 AM,15751.7,-1.6499999999996362
843,Long,2022-07-05,3:16 PM,15837.7,9:18 AM,15919.95,82.25
844,Short,2022-07-06,3:16 PM,15820.85,9:18 AM,15869.4,-48.54999999999927
845,Long,2022-07-07,3:16 PM,15998.05,9:18 AM,16122.55,124.5
846,Short,2022-07-08,3:16 PM,16127.9,9:18 AM,16213.35,-85.45000000000073
847,Long,2022-07-11,3:16 PM,16229.0,9:18 AM,16153.05,-75.95000000000073
848,Short,2022-07-12,3:16 PM,16221.25,9:18 AM,16115.05,106.20000000000073
849,Short,2022-07-13,3:16 PM,16055.55,9:18 AM,16130.2,-74.65000000000146
850,Short,2022-07-14,3:16 PM,15960.85,9:18 AM,16012.05,-51.19999999999891
851,Long,2022-07-15,3:16 PM,15941.55,9:18 AM,16022.25,80.70000000000073
852,Long,2022-07-18,3:16 PM,16060.3,9:18 AM,16175.6,115.30000000000109
853,Long,2022-07-19,3:16 PM,16271.4,9:18 AM,16237.2,-34.19999999999891
854,Long,2022-07-20,3:16 PM,16350.65,9:18 AM,16520.5,169.85000000000036
855,Short,2022-07-21,3:16 PM,16518.6,9:18 AM,16514.05,4.549999999999272
856,Long,2022-07-22,3:16 PM,16609.25,9:18 AM,16665.75,56.5
857,Long,2022-07-25,3:16 PM,16723.25,9:18 AM,16674.35,-48.900000000001455
858,Short,2022-07-26,3:16 PM,16634.4,9:18 AM,16569.0,65.40000000000146
859,Short,2022-07-27,3:16 PM,16483.8,9:18 AM,16510.1,-26.299999999999272
860,Long,2022-07-28,3:16 PM,16644.15,9:18 AM,16782.05,137.89999999999782
861,Long,2022-07-29,3:16 PM,16934.45,9:18 AM,17097.3,162.84999999999854
862,Long,2022-08-01,3:16 PM,17164.8,9:18 AM,17185.9,21.100000000002183
863,Long,2022-08-02,3:16 PM,17336.15,9:18 AM,17278.75,-57.400000000001455
864,Short,2022-08-03,3:16 PM,17363.6,9:18 AM,17372.45,-8.850000000002183
865,Long,2022-08-04,3:16 PM,17398.35,9:18 AM,17474.4,76.05000000000291
866,Long,2022-08-05,3:16 PM,17380.0,9:18 AM,17411.5,31.5
867,Long,2022-08-08,3:16 PM,17390.1,9:18 AM,17389.7,-0.3999999999978172
868,Long,2022-08-10,3:16 PM,17528.5,9:18 AM,17491.3,-37.20000000000073
869,Long,2022-08-11,3:16 PM,17537.9,9:18 AM,17690.55,152.64999999999782
870,Short,2022-08-12,3:16 PM,17654.35,9:18 AM,17653.8,0.5499999999992724
871,Long,2022-08-16,3:16 PM,17702.6,9:18 AM,17767.95,65.35000000000218
872,Long,2022-08-17,3:16 PM,17827.75,9:18 AM,17855.65,27.900000000001455
873,Short,2022-08-18,3:16 PM,17943.95,9:18 AM,17915.15,28.799999999999272
874,Long,2022-08-19,3:16 PM,17955.65,9:18 AM,17967.0,11.349999999998545
875,Short,2022-08-22,3:16 PM,17761.3,9:18 AM,17640.7,120.59999999999854
876,Short,2022-08-23,3:16 PM,17501.85,9:18 AM,17384.45,117.39999999999782
877,Long,2022-08-24,3:16 PM,17572.7,9:18 AM,17582.3,9.599999999998545
878,Long,2022-08-25,3:16 PM,17613.7,9:18 AM,17687.4,73.70000000000073
879,Short,2022-08-26,3:16 PM,17488.6,9:18 AM,17651.65,-163.0500000000029
880,Short,2022-08-29,3:16 PM,17581.35,9:18 AM,17178.85,402.5
881,Short,2022-08-30,3:16 PM,17303.45,9:18 AM,17442.35,-138.89999999999782
882,Long,2022-09-01,3:16 PM,17753.7,9:18 AM,17538.8,-214.90000000000146
883,Long,2022-09-02,3:16 PM,17548.85,9:18 AM,17624.9,76.05000000000291
884,Long,2022-09-05,3:16 PM,17553.15,9:18 AM,17596.65,43.5
885,Long,2022-09-06,3:16 PM,17667.05,9:18 AM,17743.75,76.70000000000073
886,Short,2022-09-07,3:16 PM,17656.75,9:18 AM,17545.5,111.25
887,Short,2022-09-08,3:16 PM,17618.25,9:18 AM,17747.0,-128.75
888,Long,2022-09-09,3:16 PM,17795.45,9:18 AM,17897.85,102.39999999999782
889,Short,2022-09-12,3:16 PM,17835.95,9:18 AM,17913.0,-77.04999999999927
890,Short,2022-09-13,3:16 PM,17931.65,9:18 AM,18024.7,-93.04999999999927
891,Short,2022-09-14,3:16 PM,18067.05,9:18 AM,17881.2,185.84999999999854
892,Short,2022-09-15,3:16 PM,17985.9,9:18 AM,18081.7,-95.79999999999927
893,Short,2022-09-16,3:16 PM,17869.55,9:18 AM,17737.1,132.45000000000073
894,Short,2022-09-19,3:16 PM,17533.95,9:18 AM,17537.4,-3.4500000000007276
895,Long,2022-09-20,3:16 PM,17617.9,9:18 AM,17789.05,171.14999999999782
896,Short,2022-09-21,3:16 PM,17804.4,9:18 AM,17793.2,11.200000000000728
897,Short,2022-09-22,3:16 PM,17718.8,9:18 AM,17591.35,127.45000000000073
898,Short,2022-09-23,3:16 PM,17631.15,9:18 AM,17560.55,70.60000000000218
899,Short,2022-09-26,3:16 PM,17324.45,9:18 AM,17110.6,213.85000000000218
900,Short,2022-09-27,3:16 PM,17019.25,9:18 AM,17089.3,-70.04999999999927
901,Long,2022-09-28,3:16 PM,17013.85,9:18 AM,16875.1,-138.75
902,Short,2022-09-29,3:16 PM,16860.8,9:18 AM,16991.95,-131.15000000000146
903,Short,2022-09-30,3:16 PM,16830.55,9:18 AM,16752.25,78.29999999999927
904,Short,2022-10-03,3:16 PM,17075.85,9:18 AM,17050.8,25.049999999999272
905,Long,2022-10-04,3:16 PM,16890.9,9:18 AM,17167.9,277.0
906,Long,2022-10-06,3:16 PM,17271.95,9:18 AM,17385.9,113.95000000000073
907,Short,2022-10-07,3:16 PM,17332.9,9:18 AM,17277.75,55.150000000001455
908,Short,2022-10-10,3:16 PM,17311.0,9:18 AM,17106.5,204.5
909,Long,2022-10-11,3:16 PM,17253.9,9:18 AM,17207.9,-46.0
910,Short,2022-10-12,3:16 PM,16977.75,9:18 AM,17016.4,-38.650000000001455
911,Long,2022-10-13,3:16 PM,17118.5,9:18 AM,17104.3,-14.200000000000728
912,Short,2022-10-14,3:16 PM,17018.2,9:18 AM,17318.45,-300.25
913,Short,2022-10-17,3:16 PM,17187.25,9:18 AM,17168.15,19.099999999998545
914,Short,2022-10-18,3:16 PM,17295.55,9:18 AM,17460.3,-164.75
915,Long,2022-10-19,3:16 PM,17484.85,9:18 AM,17544.95,60.10000000000218
916,Long,2022-10-20,3:16 PM,17506.55,9:18 AM,17434.9,-71.64999999999782
917,Long,2022-10-21,3:16 PM,17571.95,9:18 AM,17615.0,43.04999999999927
918,Short,2022-10-27,3:16 PM,17653.4,9:18 AM,17755.0,-101.59999999999854
919,Long,2022-10-28,3:16 PM,17739.2,9:18 AM,17780.5,41.29999999999927
920,Long,2022-10-31,3:16 PM,17792.1,9:18 AM,17932.25,140.15000000000146
921,Long,2022-11-01,3:16 PM,18016.05,9:18 AM,18108.0,91.95000000000073
922,Long,2022-11-02,3:16 PM,18150.15,9:18 AM,18124.25,-25.900000000001455
923,Long,2022-11-03,3:16 PM,18087.25,9:18 AM,18014.65,-72.59999999999854
924,Long,2022-11-04,3:16 PM,18048.1,9:18 AM,18100.4,52.30000000000291
925,Long,2022-11-07,3:16 PM,18122.05,9:18 AM,18225.35,103.29999999999927
926,Long,2022-11-09,3:16 PM,18202.95,9:18 AM,18259.7,56.75
927,Long,2022-11-10,3:16 PM,18168.65,9:18 AM,18055.1,-113.55000000000291
928,Long,2022-11-11,3:16 PM,18025.7,9:18 AM,18273.35,247.64999999999782
929,Long,2022-11-14,3:16 PM,18345.65,9:18 AM,18350.25,4.599999999998545
930,Short,2022-11-15,3:16 PM,18334.0,9:18 AM,18360.25,-26.25
931,Long,2022-11-16,3:16 PM,18408.05,9:18 AM,18378.5,-29.549999999999272
932,Long,2022-11-17,3:16 PM,18414.85,9:18 AM,18372.75,-42.099999999998545
933,Short,2022-11-18,3:16 PM,18321.75,9:18 AM,18367.55,-45.79999999999927
934,Long,2022-11-21,3:16 PM,18324.35,9:18 AM,18211.65,-112.69999999999709
935,Long,2022-11-22,3:16 PM,18170.05,9:18 AM,18160.2,-9.849999999998545
936,Long,2022-11-23,3:16 PM,18249.2,9:18 AM,18294.8,45.599999999998545
937,Short,2022-11-24,3:16 PM,18261.2,9:18 AM,18304.7,-43.5
938,Long,2022-11-25,3:16 PM,18484.4,9:18 AM,18467.1,-17.30000000000291
939,Long,2022-11-28,3:16 PM,18518.35,9:18 AM,18487.65,-30.69999999999709
940,Short,2022-11-29,3:16 PM,18566.1,9:18 AM,18594.9,-28.80000000000291
941,Short,2022-11-30,3:16 PM,18616.8,9:18 AM,18670.2,-53.400000000001455
942,Long,2022-12-01,3:16 PM,18769.8,9:18 AM,18858.9,89.10000000000218
943,Short,2022-12-02,3:16 PM,18807.5,9:18 AM,18743.7,63.79999999999927
944,Long,2022-12-05,3:16 PM,18696.0,9:18 AM,18667.55,-28.450000000000728
945,Long,2022-12-06,3:16 PM,18709.35,9:18 AM,18609.5,-99.84999999999854
946,Long,2022-12-07,3:16 PM,18644.25,9:18 AM,18631.55,-12.700000000000728
947,Short,2022-12-08,3:16 PM,18553.6,9:18 AM,18553.4,0.19999999999708962
948,Long,2022-12-09,3:16 PM,18614.25,9:18 AM,18654.35,40.099999999998545
949,Long,2022-12-12,3:16 PM,18508.1,9:18 AM,18369.0,-139.09999999999854
950,Long,2022-12-13,3:16 PM,18508.45,9:18 AM,18539.0,30.549999999999272
951,Long,2022-12-14,3:16 PM,18602.9,9:18 AM,18653.15,50.25
952,Long,2022-12-15,3:16 PM,18668.5,9:18 AM,18635.95,-32.54999999999927
953,Short,2022-12-16,3:16 PM,18401.45,9:18 AM,18321.65,79.79999999999927
954,Short,2022-12-19,3:16 PM,18257.35,9:18 AM,18250.65,6.69999999999709
955,Long,2022-12-20,3:16 PM,18423.65,9:18 AM,18314.1,-109.55000000000291
956,Long,2022-12-21,3:16 PM,18399.15,9:18 AM,18453.45,54.29999999999927
957,Short,2022-12-22,3:16 PM,18195.05,9:18 AM,18268.2,-73.15000000000146
958,Long,2022-12-23,3:16 PM,18132.15,9:18 AM,18025.35,-106.80000000000291
959,Short,2022-12-26,3:16 PM,17809.35,9:18 AM,17810.85,-1.5
960,Short,2022-12-27,3:16 PM,18008.8,9:18 AM,18098.15,-89.35000000000218
961,Long,2022-12-28,3:16 PM,18139.45,9:18 AM,18091.35,-48.10000000000218
962,Short,2022-12-29,3:16 PM,18124.05,9:18 AM,18037.9,86.14999999999782
963,Long,2022-12-30,3:16 PM,18191.55,9:18 AM,18219.65,28.100000000002183
964,Short,2023-01-02,3:16 PM,18096.0,9:18 AM,18140.55,-44.54999999999927
965,Long,2023-01-03,3:16 PM,18197.35,9:18 AM,18169.05,-28.299999999999272
966,Long,2023-01-04,3:16 PM,18236.05,9:18 AM,18208.25,-27.799999999999272
967,Short,2023-01-05,3:16 PM,18045.9,9:18 AM,18068.6,-22.69999999999709
968,Long,2023-01-06,3:16 PM,18000.65,9:18 AM,17989.25,-11.400000000001455
969,Long,2023-01-09,3:16 PM,17869.9,9:18 AM,17958.5,88.59999999999854
970,Long,2023-01-10,3:16 PM,18112.95,9:18 AM,18050.0,-62.95000000000073
971,Long,2023-01-11,3:16 PM,17923.1,9:18 AM,17877.1,-46.0
972,Short,2023-01-12,3:16 PM,17893.2,9:18 AM,17919.5,-26.299999999999272
973,Long,2023-01-13,3:16 PM,17859.2,9:18 AM,17817.55,-41.650000000001455
974,Long,2023-01-16,3:16 PM,17952.3,9:18 AM,18036.2,83.90000000000146
975,Long,2023-01-17,3:16 PM,17895.6,9:18 AM,17893.2,-2.399999999997817
976,Long,2023-01-18,3:16 PM,18057.65,9:18 AM,18070.3,12.649999999997817
977,Short,2023-01-19,3:16 PM,18157.8,9:18 AM,18124.9,32.89999999999782
978,Short,2023-01-20,3:16 PM,18105.3,9:18 AM,18102.1,3.2000000000007276
979,Short,2023-01-23,3:16 PM,18029.2,9:18 AM,18110.5,-81.29999999999927
980,Long,2023-01-24,3:16 PM,18123.75,9:18 AM,18168.05,44.29999999999927
981,Long,2023-01-25,3:16 PM,18121.1,9:18 AM,18073.0,-48.099999999998545
982,Long,2023-01-27,3:16 PM,17895.3,9:18 AM,17757.2,-138.09999999999854
983,Long,2023-01-30,3:16 PM,17617.5,9:18 AM,17459.6,-157.90000000000146
984,Long,2023-01-31,3:16 PM,17641.85,9:18 AM,17669.15,27.30000000000291
985,Long,2023-02-01,3:16 PM,17676.1,9:18 AM,17769.5,93.40000000000146
986,Long,2023-02-02,3:16 PM,17653.3,9:18 AM,17468.4,-184.89999999999782
987,Long,2023-02-03,3:16 PM,17606.7,9:18 AM,17699.45,92.75
988,Long,2023-02-06,3:16 PM,17859.95,9:18 AM,17789.45,-70.5
989,Long,2023-02-07,3:16 PM,17758.5,9:18 AM,17787.5,29.0
990,Short,2023-02-08,3:16 PM,17716.0,9:18 AM,17790.3,-74.29999999999927
991,Short,2023-02-09,3:16 PM,17870.4,9:18 AM,17847.05,23.350000000002183
992,Long,2023-02-10,3:16 PM,17896.4,9:18 AM,17851.2,-45.20000000000073
993,Long,2023-02-13,3:16 PM,17860.6,9:18 AM,17859.15,-1.4499999999970896
994,Short,2023-02-14,3:16 PM,17764.95,9:18 AM,17814.0,-49.04999999999927
995,Short,2023-02-15,3:16 PM,17925.45,9:18 AM,17897.1,28.350000000002183
996,Long,2023-02-16,3:16 PM,18016.2,9:18 AM,18098.85,82.64999999999782
997,Short,2023-02-17,3:16 PM,18034.65,9:18 AM,17958.65,76.0
998,Long,2023-02-20,3:16 PM,17946.9,9:18 AM,17942.95,-3.9500000000007276
999,Long,2023-02-21,3:16 PM,17845.05,9:18 AM,17866.1,21.049999999999272
1000,Short,2023-02-22,3:16 PM,17818.25,9:18 AM,17744.7,73.54999999999927
1001,Short,2023-02-23,3:16 PM,17555.8,9:18 AM,17549.6,6.200000000000728
1002,Short,2023-02-24,3:16 PM,17500.35,9:18 AM,17581.3,-80.95000000000073
1003,Long,2023-02-27,3:16 PM,17468.35,9:18 AM,17370.2,-98.14999999999782
1004,Long,2023-02-28,3:16 PM,17397.9,9:18 AM,17394.45,-3.4500000000007276
1005,Long,2023-03-01,3:16 PM,17307.7,9:18 AM,17388.95,81.25
1006,Short,2023-03-02,3:16 PM,17449.3,9:18 AM,17435.9,13.399999999997817
1007,Short,2023-03-03,3:16 PM,17321.95,9:18 AM,17452.3,-130.34999999999854
1008,Short,2023-03-06,3:16 PM,17596.75,9:18 AM,17723.9,-127.15000000000146
1009,Short,2023-03-08,3:16 PM,17706.9,9:18 AM,17635.3,71.60000000000218
1010,Long,2023-03-09,3:16 PM,17754.65,9:18 AM,17760.45,5.799999999999272
1011,Short,2023-03-10,3:16 PM,17582.65,9:18 AM,17386.65,196.0
1012,Long,2023-03-13,3:16 PM,17412.55,9:18 AM,17482.1,69.54999999999927
1013,Long,2023-03-14,3:16 PM,17152.35,9:18 AM,17176.2,23.850000000002183
1014,Long,2023-03-15,3:16 PM,17048.35,9:18 AM,17197.1,148.75
1015,Short,2023-03-16,3:16 PM,16951.95,9:18 AM,16946.2,5.75
1016,Short,2023-03-17,3:16 PM,16986.75,9:18 AM,17109.2,-122.45000000000073
1017,Long,2023-03-20,3:16 PM,17114.15,9:18 AM,16973.4,-140.75
1018,Long,2023-03-21,3:16 PM,16995.7,9:18 AM,17056.7,61.0
1019,Short,2023-03-22,3:16 PM,17108.8,9:18 AM,17205.1,-96.29999999999927
1020,Long,2023-03-23,3:16 PM,17153.25,9:18 AM,17073.3,-79.95000000000073
1021,Short,2023-03-24,3:16 PM,17066.0,9:18 AM,17103.1,-37.099999999998545
1022,Short,2023-03-27,3:16 PM,16945.85,9:18 AM,16963.6,-17.75
1023,Short,2023-03-28,3:16 PM,16969.85,9:18 AM,17027.2,-57.35000000000218
1024,Short,2023-03-29,3:16 PM,16950.75,9:18 AM,17014.0,-63.25
1025,Long,2023-03-31,3:16 PM,17090.7,9:18 AM,17256.75,166.04999999999927
1026,Short,2023-04-03,3:16 PM,17355.95,9:18 AM,17390.85,-34.89999999999782
1027,Long,2023-04-05,3:16 PM,17405.85,9:18 AM,17439.15,33.30000000000291
1028,Long,2023-04-06,3:16 PM,17554.0,9:18 AM,17513.8,-40.20000000000073
1029,Short,2023-04-10,3:16 PM,17598.4,9:18 AM,17637.9,-39.5
1030,Short,2023-04-11,3:16 PM,17625.05,9:18 AM,17678.0,-52.95000000000073
1031,Long,2023-04-12,3:16 PM,17729.55,9:18 AM,17734.3,4.75
1032,Long,2023-04-13,3:16 PM,17815.7,9:18 AM,17792.15,-23.549999999999272
1033,Long,2023-04-17,3:16 PM,17834.35,9:18 AM,17679.4,-154.9499999999971
1034,Long,2023-04-18,3:16 PM,17714.4,9:18 AM,17737.45,23.049999999999272
1035,Short,2023-04-19,3:16 PM,17657.9,9:18 AM,17649.35,8.55000000000291
1036,Long,2023-04-20,3:16 PM,17620.0,9:18 AM,17653.65,33.650000000001455
1037,Long,2023-04-21,3:16 PM,17631.1,9:18 AM,17652.05,20.950000000000728
1038,Long,2023-04-24,3:16 PM,17622.95,9:18 AM,17661.2,38.25
1039,Long,2023-04-25,3:16 PM,17743.95,9:18 AM,17737.85,-6.100000000002183
1040,Short,2023-04-26,3:16 PM,17768.25,9:18 AM,17755.2,13.049999999999272
1041,Long,2023-04-27,3:16 PM,17818.15,9:18 AM,17807.85,-10.30000000000291
1042,Long,2023-04-28,3:16 PM,17919.85,9:18 AM,17935.55,15.700000000000728
1043,Long,2023-05-02,3:16 PM,18070.7,9:18 AM,18141.95,71.25
1044,Short,2023-05-03,3:16 PM,18133.65,9:18 AM,18076.5,57.150000000001455
1045,Long,2023-05-04,3:16 PM,18092.0,9:18 AM,18111.1,19.099999999998545
1046,Long,2023-05-05,3:16 PM,18258.1,9:18 AM,18153.35,-104.75
1047,Short,2023-05-08,3:16 PM,18072.05,9:18 AM,18159.95,-87.90000000000146
1048,Short,2023-05-09,3:16 PM,18262.55,9:18 AM,18306.1,-43.54999999999927
1049,Long,2023-05-10,3:16 PM,18260.7,9:18 AM,18317.45,56.75
1050,Long,2023-05-11,3:16 PM,18318.55,9:18 AM,18328.15,9.600000000002183
1051,Short,2023-05-12,3:16 PM,18296.4,9:18 AM,18258.75,37.650000000001455
1052,Short,2023-05-15,3:16 PM,18312.4,9:18 AM,18352.85,-40.44999999999709
1053,Short,2023-05-16,3:16 PM,18389.25,9:18 AM,18400.55,-11.299999999999272
1054,Short,2023-05-17,3:16 PM,18283.55,9:18 AM,18271.15,12.399999999997817
1055,Long,2023-05-18,3:16 PM,18191.05,9:18 AM,18269.8,78.75
1056,Short,2023-05-19,3:16 PM,18126.5,9:18 AM,18145.85,-19.349999999998545
1057,Long,2023-05-22,3:16 PM,18209.65,9:18 AM,18194.2,-15.450000000000728
1058,Short,2023-05-23,3:16 PM,18316.05,9:18 AM,18379.25,-63.20000000000073
